date ,product_code,customer_code,Qty,net_sales_amount
01-09-2018,A0418150108,90023030,-16,163.98
02-09-2018,A3019150205,90023023,132,698.85
03-09-2018,A3019150205,90023030,111,641.68
04-09-2018,A3019150205,90012041,-59,289.6
05-09-2018,A3019150205,90014141,4,19.95
06-09-2018,A3019150205,90005162,-8,41.78
07-09-2018,A3019150205,90017059,-19,95.54
08-09-2018,A3019150205,90007197,-286,1758.71
09-09-2018,A3019150205,90019203,1,4.51
10-09-2018,A3019150205,90021095,28,145.87
11-09-2018,A3019150205,90022081,69,331.02
12-09-2018,A3019150205,90022082,222,926.89
13-09-2018,A3018150201,90010046,15,59
14-09-2018,A3018150201,90023023,69,406.62
15-09-2018,A3018150201,90023030,37,193.86
16-09-2018,A3018150201,90012041,59,260.48
17-09-2018,A3018150201,90014141,8,41.02
18-09-2018,A3018150201,90005162,18,94.68
19-09-2018,A3018150201,90017059,5,27.54
20-09-2018,A3018150201,90007197,219,1357.87
21-09-2018,A3018150201,90019203,3,13.54
22-09-2018,A3018150201,90021095,48,267.09
23-09-2018,A3018150201,90022081,-327,1647.41
24-09-2018,A3018150201,90022082,145,651.82
25-09-2018,A3019150204,90010046,20,81.85
26-09-2018,A3019150204,90023023,101,555.06
27-09-2018,A3019150204,90023030,-110,610.96
28-09-2018,A3019150204,90012041,46,195.11
29-09-2018,A3019150204,90014141,3,14.06
30-09-2018,A3019150204,90005162,-16,84.3
01-10-2018,A3019150204,90017059,14,70.76
02-10-2018,A3019150204,90007197,122,741.28
03-10-2018,A3019150204,90019203,2,9.67
04-10-2018,A3019150204,90021095,57,284.01
05-10-2018,A3019150204,90022081,254,1085.55
06-10-2018,A3019150204,90022082,-82,380.07
07-10-2018,A3019150206,90010046,8,35.8
08-10-2018,A3019150206,90023023,49,332.65
09-10-2018,A3019150206,90023030,46,288.49
10-10-2018,A3019150206,90012041,69,380.15
11-10-2018,A3019150206,90014141,-6,36.1
12-10-2018,A3019150206,90005162,11,68.74
13-10-2018,A3019150206,90017059,19,111.07
14-10-2018,A3019150206,90007197,240,1728.45
15-10-2018,A3019150206,90019203,1,5.51
16-10-2018,A3019150206,90021095,55,340.1
17-10-2018,A3019150206,90022081,53,278.72
18-10-2018,A3019150206,90022082,180,1065.93
19-10-2018,A3018150202,90010046,30,95.37
20-10-2018,A3018150202,90023023,-87,380.85
21-10-2018,A3018150202,90023030,-81,375.96
22-10-2018,A3018150202,90012041,-18,66.38
23-10-2018,A3018150202,90014141,-2,8.96
24-10-2018,A3018150202,90005162,38,170.93
25-10-2018,A3018150202,90017059,14,61.12
26-10-2018,A3018150202,90007197,253,1341.41
27-10-2018,A3018150202,90021095,31,124.18
28-10-2018,A3018150202,90022081,90,391.9
29-10-2018,A3018150202,90022082,56,217
30-10-2018,A3120150305,90010046,35,217.68
31-10-2018,A3120150305,90023023,57,470.28
01-11-2018,A3120150305,90023030,87,702.79
02-11-2018,A3120150305,90012041,-21,152.33
03-11-2018,A3120150305,90014141,8,60.57
04-11-2018,A3120150305,90005162,21,154.37
05-11-2018,A3120150305,90017059,25,189.86
06-11-2018,A3120150305,90007197,-288,2551.4
07-11-2018,A3120150305,90019203,4,29.14
08-11-2018,A3120150305,90021095,31,230.23
09-11-2018,A3120150305,90022081,112,778.97
10-11-2018,A3120150305,90022082,92,593.84
11-11-2018,A3120150306,90010046,20,123.36
12-11-2018,A3120150306,90023023,160,1374.29
13-11-2018,A3120150306,90023030,31,237.64
14-11-2018,A3120150306,90012041,82,555.52
15-11-2018,A3120150306,90014141,-10,82.23
16-11-2018,A3120150306,90005162,21,157.9
17-11-2018,A3120150306,90017059,10,74.64
18-11-2018,A3120150306,90007197,256,2343.98
19-11-2018,A3120150306,90019203,3,22.78
20-11-2018,A3120150306,90021095,10,78.71
21-11-2018,A3120150306,90022081,-286,2142.17
22-11-2018,A3120150306,90022082,236,1604.73
23-11-2018,A3119150302,90010046,34,141.89
24-11-2018,A3119150302,90023023,-174,1068.42
25-11-2018,A3119150302,90023030,64,376.78
26-11-2018,A3119150302,90012041,15,83.44
27-11-2018,A3119150302,90014141,12,66.79
28-11-2018,A3119150302,90005162,-40,254.24
29-11-2018,A3119150302,90017059,17,99.32
30-11-2018,A3119150302,90007197,-226,1646.53
01-12-2018,A3119150302,90019203,3,16.92
02-12-2018,A3119150302,90021095,43,275.27
03-12-2018,A3119150302,90022081,303,1440.32
04-12-2018,A3119150302,90022082,85,406.42
05-12-2018,A3119150301,90010046,17,94.21
06-12-2018,A3119150301,90023023,182,1205.32
07-12-2018,A3119150301,90023030,103,661.44
08-12-2018,A3119150301,90012041,-34,183.64
09-12-2018,A3119150301,90014141,4,21.32
10-12-2018,A3119150301,90005162,15,98.28
11-12-2018,A3119150301,90017059,13,76.85
12-12-2018,A3119150301,90007197,196,1523.05
13-12-2018,A3119150301,90019203,2,12.11
14-12-2018,A3119150301,90021095,9,55.58
15-12-2018,A3119150301,90022081,47,238.14
16-12-2018,A3119150301,90022082,39,210.33
17-12-2018,A3120150304,90010046,-4,18.51
18-12-2018,A3120150304,90023023,78,561.56
19-12-2018,A3120150304,90023030,81,531.34
20-12-2018,A3120150304,90012041,70,395.15
21-12-2018,A3120150304,90014141,-10,62.82
22-12-2018,A3120150304,90005162,-32,207.63
23-12-2018,A3120150304,90017059,16,100.89
24-12-2018,A3120150304,90007197,109,830.1
25-12-2018,A3120150304,90019203,1,5.53
26-12-2018,A3120150304,90021095,27,166.08
27-12-2018,A3120150304,90022081,278,1654.66
28-12-2018,A3120150304,90022082,103,641.79
29-12-2018,A2918150105,90010046,5,14.86
30-12-2018,A2918150105,90023023,178,799.73
31-12-2018,A2918150105,90023030,-98,430.84
01-01-2019,A2918150105,90012041,-43,168.05
02-01-2019,A2918150105,90014141,-7,29.12
03-01-2019,A2918150105,90005162,36,149.16
04-01-2019,A2918150105,90017059,9,34.11
05-01-2019,A2918150105,90007197,297,1419.49
06-01-2019,A2918150105,90019203,2,6.98
07-01-2019,A2918150105,90021095,-49,186.98
08-01-2019,A2918150105,90022081,214,873.15
09-01-2019,A2918150105,90022082,227,834.18
10-01-2019,A2918150106,90010046,23,83.98
11-01-2019,A2918150106,90023023,26,128.72
12-01-2019,A2918150106,90023030,98,425.46
13-01-2019,A2918150106,90012041,83,341.05
14-01-2019,A2918150106,90014141,9,38.34
15-01-2019,A2918150106,90005162,13,57.76
16-01-2019,A2918150106,90017059,4,17.75
17-01-2019,A2918150106,90007197,131,666.97
18-01-2019,A2918150106,90019203,3,11.86
19-01-2019,A2918150106,90021095,-62,274.42
20-01-2019,A2918150106,90022081,396,1671
21-01-2019,A2918150106,90022082,-47,179.29
22-01-2019,A2918150104,90010046,15,53.69
23-01-2019,A2918150104,90023023,117,494.4
24-01-2019,A2918150104,90023030,68,271.74
25-01-2019,A2918150104,90012041,-27,99.64
26-01-2019,A2918150104,90014141,-12,49.65
27-01-2019,A2918150104,90005162,-15,67.84
28-01-2019,A2918150104,90017059,-8,31.26
29-01-2019,A2918150104,90007197,91,441.27
30-01-2019,A2918150104,90019203,4,15.97
31-01-2019,A2918150104,90021095,-48,195.82
01-02-2019,A2918150104,90022081,394,1439.46
02-02-2019,A2918150104,90022082,237,872.82
03-02-2019,A2918150101,90010046,37,75.07
04-02-2019,A2918150101,90023023,114,348.36
05-02-2019,A2918150101,90023030,47,132.33
06-02-2019,A2918150101,90012041,-19,43.51
07-02-2019,A2918150101,90014141,5,13.28
08-02-2019,A2918150101,90005162,23,62.72
09-02-2019,A2918150101,90017059,5,11.73
10-02-2019,A2918150101,90007197,185,592.79
11-02-2019,A2918150101,90019203,3,6.93
12-02-2019,A2918150101,90021095,-25,66.9
13-02-2019,A2918150101,90022081,-440,1031.46
14-02-2019,A2918150101,90022082,210,484.83
15-02-2019,A2918150102,90010046,24,60.5
16-02-2019,A2918150102,90023023,80,284.64
17-02-2019,A2918150102,90023030,-49,165.82
18-02-2019,A2918150102,90012041,-79,245.66
19-02-2019,A2918150102,90014141,-5,15.73
20-02-2019,A2918150102,90005162,28,101.52
21-02-2019,A2918150102,90017059,14,46.53
22-02-2019,A2918150102,90007197,240,916.97
23-02-2019,A2918150102,90019203,2,6.25
24-02-2019,A2918150102,90021095,51,158.21
25-02-2019,A2918150102,90022081,171,525.6
26-02-2019,A2918150102,90022082,-28,79.75
27-02-2019,A3220150402,90010046,-13,89.17
28-02-2019,A3220150402,90023023,-39,370.74
01-03-2019,A3220150402,90023030,-106,936.72
02-03-2019,A3220150402,90012041,50,399.3
03-03-2019,A3220150402,90014141,-7,59.8
04-03-2019,A3220150402,90005162,33,262.32
05-03-2019,A3220150402,90017059,15,120.73
06-03-2019,A3220150402,90007197,112,1066.33
07-03-2019,A3220150402,90019203,1,7.46
08-03-2019,A3220150402,90021095,35,269.6
09-03-2019,A3220150402,90022081,-321,2303.25
10-03-2019,A3220150402,90022082,60,453.8
11-03-2019,A3220150401,90010046,-34,210.46
12-03-2019,A3220150401,90023023,-56,479.18
13-03-2019,A3220150401,90023030,71,576.12
14-03-2019,A3220150401,90012041,27,179.51
15-03-2019,A3220150401,90014141,6,45.36
16-03-2019,A3220150401,90005162,13,108.22
17-03-2019,A3220150401,90017059,15,112.86
18-03-2019,A3220150401,90007197,288,2690.03
19-03-2019,A3220150401,90019203,3,22.39
20-03-2019,A3220150401,90021095,45,333.81
21-03-2019,A3220150401,90022081,112,730.19
22-03-2019,A3220150401,90022082,157,1016.11
23-03-2019,A2319150301,90010046,28,89.2
24-03-2019,A2319150301,90023023,178,719.38
25-03-2019,A2319150301,90023030,62,256.65
26-03-2019,A2319150301,90012041,99,346.95
27-03-2019,A2319150301,90014141,14,48.64
28-03-2019,A2319150301,90005162,6,21.88
29-03-2019,A2319150301,90017059,30,103.37
30-03-2019,A2319150301,90007197,333,1468.25
31-03-2019,A2319150301,90019203,4,13.67
01-04-2019,A2319150301,90021095,-49,180.42
02-04-2019,A2319150301,90022081,-149,532.36
03-04-2019,A2319150301,90022082,188,569.84
04-04-2019,A2319150304,90010046,-34,123.78
05-04-2019,A2319150304,90023023,-92,473.75
06-04-2019,A2319150304,90023030,111,579
07-04-2019,A2319150304,90012041,50,198.7
08-04-2019,A2319150304,90014141,9,38.61
09-04-2019,A2319150304,90005162,42,189.37
10-04-2019,A2319150304,90017059,19,92.68
11-04-2019,A2319150304,90007197,-66,360.25
12-04-2019,A2319150304,90019203,3,13.67
13-04-2019,A2319150304,90021095,52,219.6
14-04-2019,A2319150304,90022081,299,1365.01
15-04-2019,A2319150304,90022082,42,168.87
16-04-2019,A2319150305,90010046,29,104.79
17-04-2019,A2319150305,90023023,126,607.31
18-04-2019,A2319150305,90023030,-96,464.78
19-04-2019,A2319150305,90012041,29,121.74
20-04-2019,A2319150305,90014141,9,40.65
21-04-2019,A2319150305,90005162,34,162.04
22-04-2019,A2319150305,90017059,-18,76.2
23-04-2019,A2319150305,90007197,168,881.49
24-04-2019,A2319150305,90019203,1,4.12
25-04-2019,A2319150305,90021095,-74,345.28
26-04-2019,A2319150305,90022081,451,1786.39
27-04-2019,A2319150305,90022082,308,1351.52
28-04-2019,A2319150302,90010046,13,36.27
29-04-2019,A2319150302,90023023,111,458.59
30-04-2019,A2319150302,90023030,155,617.56
01-05-2019,A2319150302,90012041,74,253.62
02-05-2019,A2319150302,90014141,5,16.87
03-05-2019,A2319150302,90005162,-30,114.76
04-05-2019,A2319150302,90017059,14,52.48
05-05-2019,A2319150302,90007197,191,768.77
06-05-2019,A2319150302,90019203,2,6.19
07-05-2019,A2319150302,90021095,25,97.76
08-05-2019,A2319150302,90022081,114,385.5
09-05-2019,A2319150302,90022082,185,588.89
10-05-2019,A2118150105,90010046,28,53.8
11-05-2019,A2118150105,90023023,228,495.56
12-05-2019,A2118150105,90023030,80,162.93
13-05-2019,A2118150105,90012041,106,198.83
14-05-2019,A2118150105,90014141,-11,21.72
15-05-2019,A2118150105,90005162,6,12.59
16-05-2019,A2118150105,90017059,11,23.05
17-05-2019,A2118150105,90007197,176,437.19
18-05-2019,A2118150105,90019203,4,7.99
19-05-2019,A2118150105,90021095,42,80.85
20-05-2019,A2118150105,90022081,201,389.39
21-05-2019,A2118150105,90022082,111,213.2
22-05-2019,A2118150104,90010046,44,76.81
23-05-2019,A2118150104,90023023,74,159.07
24-05-2019,A2118150104,90023030,118,257.69
25-05-2019,A2118150104,90012041,79,152.57
26-05-2019,A2118150104,90014141,2,3.98
27-05-2019,A2118150104,90005162,32,63.4
28-05-2019,A2118150104,90017059,11,21.57
29-05-2019,A2118150104,90007197,178,404.49
30-05-2019,A2118150104,90019203,4,8.12
31-05-2019,A2118150104,90021095,-47,96.1
01-06-2019,A2118150104,90022081,469,948.5
02-06-2019,A2118150104,90022082,281,465.95
03-06-2019,A2118150101,90010046,42,43.68
04-06-2019,A2118150101,90023023,64,101.55
05-06-2019,A2118150101,90023030,111,161.86
06-06-2019,A2118150101,90012041,22,29.6
07-06-2019,A2118150101,90014141,14,20.71
08-06-2019,A2118150101,90005162,27,43.58
09-06-2019,A2118150101,90017059,27,41.1
10-06-2019,A2118150101,90007197,285,469.24
11-06-2019,A2118150101,90019203,2,2.52
12-06-2019,A2118150101,90021095,-73,102.36
13-06-2019,A2118150101,90022081,572,834.53
14-06-2019,A2118150101,90022082,232,269.99
15-06-2019,A2118150102,90010046,42,55.37
16-06-2019,A2118150102,90023023,-151,288.17
17-06-2019,A2118150102,90023030,155,261.58
18-06-2019,A2118150102,90012041,31,49.94
19-06-2019,A2118150102,90014141,11,16.3
20-06-2019,A2118150102,90005162,51,95.42
21-06-2019,A2118150102,90017059,31,50.82
22-06-2019,A2118150102,90007197,202,397.67
23-06-2019,A2118150102,90019203,2,3.14
24-06-2019,A2118150102,90021095,28,47.72
25-06-2019,A2118150102,90022081,139,223.86
26-06-2019,A2118150102,90022082,280,444.67
27-06-2019,A2118150106,90010046,34,69.32
28-06-2019,A2118150106,90023023,-124,303.02
29-06-2019,A2118150106,90023030,55,134.11
30-06-2019,A2118150106,90012041,74,152
01-07-2019,A2118150106,90014141,-10,20.36
02-07-2019,A2118150106,90005162,25,57.07
03-07-2019,A2118150106,90017059,23,51.05
04-07-2019,A2118150106,90007197,237,597.36
05-07-2019,A2118150106,90019203,2,4.29
06-07-2019,A2118150106,90021095,52,108.89
07-07-2019,A2118150106,90022081,-208,425.4
08-07-2019,A2118150106,90022082,199,407.29
09-07-2019,A2218150201,90010046,26,53.78
10-07-2019,A2218150201,90023023,115,324.42
11-07-2019,A2218150201,90023030,142,375.45
12-07-2019,A2218150201,90012041,25,57.26
13-07-2019,A2218150201,90014141,12,28.11
14-07-2019,A2218150201,90005162,39,110.36
15-07-2019,A2218150201,90017059,25,56.17
16-07-2019,A2218150201,90007197,161,479.83
17-07-2019,A2218150201,90019203,3,6.52
18-07-2019,A2218150201,90021095,36,86.91
19-07-2019,A2218150201,90022081,462,1096.16
20-07-2019,A2218150201,90022082,243,586.09
21-07-2019,A2218150202,90010046,18,37.47
22-07-2019,A2218150202,90023023,55,175.43
23-07-2019,A2218150202,90023030,43,120.59
24-07-2019,A2218150202,90012041,49,122.72
25-07-2019,A2218150202,90014141,-13,33.14
26-07-2019,A2218150202,90005162,-43,127.39
27-07-2019,A2218150202,90017059,6,16.67
28-07-2019,A2218150202,90007197,-109,357.32
29-07-2019,A2218150202,90019203,-3,7.95
30-07-2019,A2218150202,90021095,45,121.33
31-07-2019,A2218150202,90022081,268,683.16
01-08-2019,A2218150202,90022082,46,103.76
02-08-2019,A2219150204,90010046,43,142.51
03-08-2019,A2219150204,90023023,80,302.65
04-08-2019,A2219150204,90023030,112,417.93
05-08-2019,A2219150204,90012041,101,346.82
06-08-2019,A2219150204,90014141,5,17.05
07-08-2019,A2219150204,90005162,22,78.33
08-08-2019,A2219150204,90017059,6,21.31
09-08-2019,A2219150204,90007197,183,775.05
10-08-2019,A2219150204,90019203,2,6.79
11-08-2019,A2219150204,90021095,-26,86.37
12-08-2019,A2219150204,90022081,376,1146.52
13-08-2019,A2219150204,90022082,336,974.69
14-08-2019,A2219150205,90010046,23,55.52
15-08-2019,A2219150205,90023023,112,386.99
16-08-2019,A2219150205,90023030,120,420.72
17-08-2019,A2219150205,90012041,45,123.71
18-08-2019,A2219150205,90014141,15,47.02
19-08-2019,A2219150205,90005162,51,172.56
20-08-2019,A2219150205,90017059,-28,90.24
21-08-2019,A2219150205,90007197,-123,435.1
22-08-2019,A2219150205,90019203,3,8.88
23-08-2019,A2219150205,90021095,18,56.69
24-08-2019,A2219150205,90022081,537,1519.04
25-08-2019,A2219150205,90022082,-171,518.79
26-08-2019,A2219150206,90010046,-38,112.98
27-08-2019,A2219150206,90023023,-155,583.97
28-08-2019,A2219150206,90023030,-135,508.11
29-08-2019,A2219150206,90012041,70,225.24
30-08-2019,A2219150206,90014141,4,13.11
31-08-2019,A2219150206,90005162,48,183.19
01-09-2019,A2219150206,90017059,21,81.69
02-09-2019,A2219150206,90007197,177,809.21
03-09-2019,A2219150206,90019203,3,10.87
04-09-2019,A2219150206,90021095,67,268.99
05-09-2019,A2219150206,90022081,-517,1713.71
06-09-2019,A2219150206,90022082,122,419.3
07-09-2019,A0519150208,90010046,2,24.3
08-09-2019,A0519150208,90023023,10,160.12
09-09-2019,A0519150208,90023030,24,354.07
10-09-2019,A0519150208,90012041,9,109.86
11-09-2019,A0519150208,90014141,1,12.48
12-09-2019,A0519150208,90005162,8,119.45
13-09-2019,A0519150208,90017059,2,25.37
14-09-2019,A0519150208,90007197,13,205.91
15-09-2019,A0519150208,90019203,-1,12.39
16-09-2019,A0519150208,90021095,6,80.89
17-09-2019,A0519150208,90022081,69,971.04
18-09-2019,A0519150208,90022082,-48,588.6
19-09-2019,A0519150207,90010046,6,65.8
20-09-2019,A0519150207,90023023,25,395.17
21-09-2019,A0519150207,90023030,21,296.06
22-09-2019,A0519150207,90012041,-15,182.35
23-09-2019,A0519150207,90014141,1,12.96
24-09-2019,A0519150207,90005162,7,100.04
25-09-2019,A0519150207,90017059,4,51.03
26-09-2019,A0519150207,90007197,19,294.3
27-09-2019,A0519150207,90019203,-1,11.99
28-09-2019,A0519150207,90021095,5,67.11
29-09-2019,A0519150207,90022081,-90,1192.65
30-09-2019,A0519150207,90022082,-45,560.47
01-10-2019,A0519150202,90010046,3,23.9
02-10-2019,A0519150202,90023023,33,391.07
03-10-2019,A0519150202,90023030,17,187.32
04-10-2019,A0519150202,90012041,12,117.43
05-10-2019,A0519150202,90014141,1,9.85
06-10-2019,A0519150202,90005162,3,33.38
07-10-2019,A0519150202,90017059,4,43.74
08-10-2019,A0519150202,90007197,29,385.79
09-10-2019,A0519150202,90021095,7,75.97
10-10-2019,A0519150202,90022081,23,217.19
11-10-2019,A0519150202,90022082,-33,305.23
12-10-2019,A0519150201,90010046,-6,43.99
13-10-2019,A0519150201,90023023,34,334.09
14-10-2019,A0519150201,90023030,9,82.95
15-10-2019,A0519150201,90012041,4,30.48
16-10-2019,A0519150201,90014141,2,16.23
17-10-2019,A0519150201,90005162,7,65.77
18-10-2019,A0519150201,90017059,5,46.14
19-10-2019,A0519150201,90007197,28,303.48
20-10-2019,A0519150201,90019203,1,9
21-10-2019,A0519150201,90021095,7,61.38
22-10-2019,A0519150201,90022081,95,826.24
23-10-2019,A0519150201,90022082,7,58.48
24-10-2019,A0519150203,90010046,1,10.07
25-10-2019,A0519150203,90023023,8,96.28
26-10-2019,A0519150203,90023030,-6,75.02
27-10-2019,A0519150203,90012041,15,146.35
28-10-2019,A0519150203,90014141,2,21.45
29-10-2019,A0519150203,90005162,7,86.48
30-10-2019,A0519150203,90017059,5,57.33
31-10-2019,A0519150203,90007197,7,94.72
01-11-2019,A0519150203,90019203,1,10.72
02-11-2019,A0519150203,90021095,5,54.39
03-11-2019,A0519150203,90022081,63,612.43
04-11-2019,A0519150203,90022082,28,281.17
05-11-2019,A0519150205,90010046,8,74.44
06-11-2019,A0519150205,90023023,5,71.5
07-11-2019,A0519150205,90023030,11,145.44
08-11-2019,A0519150205,90012041,10,123.03
09-11-2019,A0519150205,90014141,2,26.37
10-11-2019,A0519150205,90005162,8,111.22
11-11-2019,A0519150205,90017059,4,49.31
12-11-2019,A0519150205,90007197,-16,252.33
13-11-2019,A0519150205,90019203,1,12.22
14-11-2019,A0519150205,90021095,6,77.14
15-11-2019,A0519150205,90022081,64,750.63
16-11-2019,A0519150205,90022082,21,238.21
17-11-2019,A0418150105,90010046,-7,54.16
18-11-2019,A0418150105,90023023,9,80.38
19-11-2019,A0418150105,90023030,4,34.45
20-11-2019,A0418150105,90012041,5,37.88
21-11-2019,A0418150105,90005162,-8,72.34
22-11-2019,A0418150105,90017059,-4,32.43
23-11-2019,A0418150105,90007197,19,194.95
24-11-2019,A0418150105,90021095,6,52.27
25-11-2019,A0418150105,90022081,57,381.15
26-11-2019,A0418150105,90022082,60,430.71
27-11-2019,A0418150103,90010046,4,24.37
28-11-2019,A0418150103,90023023,33,313.25
29-11-2019,A0418150103,90023030,11,97.71
30-11-2019,A0418150103,90012041,5,38.93
01-12-2019,A0418150103,90014141,2,16.92
02-12-2019,A0418150103,90005162,1,8.89
03-12-2019,A0418150103,90017059,5,40.97
04-12-2019,A0418150103,90007197,34,326.86
05-12-2019,A0418150103,90019203,1,7.52
06-12-2019,A0418150103,90021095,8,60.87
07-12-2019,A0418150103,90022081,68,484.12
08-12-2019,A0418150103,90022082,25,184.92
09-12-2019,A0418150101,90010046,3,16.52
10-12-2019,A0418150101,90023023,8,61.21
11-12-2019,A0418150101,90023030,7,51.47
12-12-2019,A0418150101,90012041,-17,106.75
13-12-2019,A0418150101,90014141,1,7.38
14-12-2019,A0418150101,90005162,4,27.83
15-12-2019,A0418150101,90017059,3,21.51
16-12-2019,A0418150101,90007197,35,301.51
17-12-2019,A0418150101,90021095,10,63.13
18-12-2019,A0418150101,90022081,35,235.93
19-12-2019,A0418150101,90022082,40,236.87
20-12-2019,A0418150102,90010046,7,43.53
21-12-2019,A0418150102,90023023,-10,92.21
22-12-2019,A0418150102,90023030,19,167.89
23-12-2019,A0418150102,90012041,12,89.73
24-12-2019,A0418150102,90014141,2,15.64
25-12-2019,A0418150102,90005162,-5,42.34
26-12-2019,A0418150102,90017059,2,16.69
27-12-2019,A0418150102,90007197,59,573.61
28-12-2019,A0418150102,90021095,10,86.97
29-12-2019,A0418150102,90022081,74,574.63
30-12-2019,A0418150102,90022082,11,74.29
31-12-2019,A0418150107,90010046,6,45.49
01-01-2020,A0418150107,90023023,-39,356.94
02-01-2020,A0418150107,90023030,-14,122.99
03-01-2020,A0418150107,90012041,7,55.71
04-01-2020,A0418150107,90014141,2,15.12
05-01-2020,A0418150107,90005162,6,53.48
06-01-2020,A0418150107,90017059,3,24.89
07-01-2020,A0418150107,90007197,32,339.01
08-01-2020,A0418150107,90019203,1,8.41
09-01-2020,A0418150107,90021095,2,17.04
10-01-2020,A0418150107,90022081,84,692.43
11-01-2020,A0418150107,90022082,9,76.92
12-01-2020,A0418150108,90010046,3,24.53
13-01-2020,A0418150108,90023023,31,308.08
14-01-2020,A3019150205,90010046,-32,125.37
15-01-2020,A0418150108,90012041,18,155.88
16-01-2020,A0418150108,90014141,-2,18.12
17-01-2020,A0418150108,90005162,-7,69.36
18-01-2020,A0418150108,90017059,4,38.98
19-01-2020,A0418150108,90007197,51,602.05
20-01-2020,A0418150108,90021095,8,78.74
21-01-2020,A0418150108,90022081,-13,115.68
22-01-2020,A0418150108,90022082,-29,252.01
23-01-2020,A0118150104,90010046,3,21.18
24-01-2020,A0118150104,90023023,12,116.45
25-01-2020,A0118150104,90023030,7,72.28
26-01-2020,A0118150104,90012041,9,73.61
27-01-2020,A0118150104,90014141,-2,18.22
28-01-2020,A0118150104,90005162,5,49.55
29-01-2020,A0118150104,90017059,3,27.91
30-01-2020,A0118150104,90007197,84,908.3
31-01-2020,A0118150104,90019203,1,9.44
01-02-2020,A0118150104,90021095,16,152.05
02-02-2020,A0118150104,90022081,-17,132.92
03-02-2020,A0118150104,90022082,-32,288.16
04-02-2020,A1618150103,90007197,7,77.78
05-02-2020,A1618150103,90022081,-7,66.27
06-02-2020,A1618150103,90022082,7,62.84
07-02-2020,A1618150103,90010046,1,8.09
08-02-2020,A1618150103,90023023,1,10.99
09-02-2020,A1618150103,90023030,1,11.01
10-02-2020,A1618150103,90012041,-1,9.39
11-02-2020,A1618150103,90021095,-1,10.37
12-02-2020,A1718150203,90023023,3,43.59
13-02-2020,A1718150203,90007197,3,46.79
14-02-2020,A1718150203,90022082,5,55.91
15-02-2020,A1718150203,90023030,2,28.63
16-02-2020,A1718150203,90012041,1,11.57
17-02-2020,A1718150203,90005162,1,13.8
18-02-2020,A1718150203,90021095,1,12.4
19-02-2020,A1718150203,90022081,1,10.33
20-02-2020,A0219150202,90010046,-4,32.77
21-02-2020,A0219150202,90023023,36,443.38
22-02-2020,A0219150202,90023030,26,274.54
23-02-2020,A0219150202,90012041,6,60.03
24-02-2020,A0219150202,90014141,2,19.44
25-02-2020,A0219150202,90005162,-4,42.42
26-02-2020,A0219150202,90017059,-2,19.87
27-02-2020,A0219150202,90007197,32,406.65
28-02-2020,A0219150202,90019203,1,10.36
29-02-2020,A0219150202,90021095,13,131.57
01-03-2020,A0219150202,90022081,113,1052.58
02-03-2020,A0219150202,90022082,59,591.68
03-03-2020,A0118150102,90010046,7,59.08
04-03-2020,A0118150102,90023023,45,476.99
05-03-2020,A0118150102,90023030,22,231.31
06-03-2020,A0118150102,90012041,6,56.19
07-03-2020,A0118150102,90014141,-1,9.4
08-03-2020,A0118150102,90005162,6,57.78
09-03-2020,A0118150102,90017059,2,19.28
10-03-2020,A0118150102,90007197,-21,231.68
11-03-2020,A0118150102,90019203,1,9.08
12-03-2020,A0118150102,90021095,5,52.34
13-03-2020,A0118150102,90022081,107,918.71
14-03-2020,A0118150102,90022082,-65,588.17
15-03-2020,A1018150102,90010046,4,161.64
16-03-2020,A1018150102,90023023,22,1140.62
17-03-2020,A1018150102,90023030,4,215.9
18-03-2020,A1018150102,90012041,3,155.36
19-03-2020,A1018150102,90014141,1,49.45
20-03-2020,A1018150102,90005162,1,51.65
21-03-2020,A1018150102,90017059,3,152.65
22-03-2020,A1018150102,90007197,39,2354.81
23-03-2020,A1018150102,90019203,1,50.21
24-03-2020,A1018150102,90021095,-5,276.13
25-03-2020,A1018150102,90022081,52,2359.65
26-03-2020,A1018150102,90022082,8,364.66
27-03-2020,A1219150302,90010046,4,211.06
28-03-2020,A1219150302,90023023,16,1156.48
29-03-2020,A1219150302,90023030,11,743.46
30-03-2020,A1219150302,90012041,10,535.05
31-03-2020,A1219150302,90005162,5,314.5
01-04-2020,A1219150302,90017059,3,177.79
02-04-2020,A1219150302,90007197,-10,741.01
03-04-2020,A1219150302,90021095,4,268.29
04-04-2020,A1219150302,90022081,34,1872.4
05-04-2020,A1219150302,90022082,6,340.16
06-04-2020,A1118150202,90010046,1,49.32
07-04-2020,A1118150202,90023023,5,320.9
08-04-2020,A1118150202,90023030,11,768.37
09-04-2020,A1118150202,90012041,11,634.9
10-04-2020,A1118150202,90014141,2,126.63
11-04-2020,A1118150202,90005162,4,271.2
12-04-2020,A1118150202,90017059,3,196.27
13-04-2020,A1118150202,90007197,19,1343.92
14-04-2020,A1118150202,90021095,-7,438.77
15-04-2020,A1118150202,90022081,-48,2610.52
16-04-2020,A1118150202,90022082,9,487.41
17-04-2020,A0118150103,90010046,6,44.42
18-04-2020,A0118150103,90023023,37,401.23
19-04-2020,A0118150103,90023030,-6,64.41
20-04-2020,A0118150103,90012041,10,93.16
21-04-2020,A0118150103,90014141,-1,9.66
22-04-2020,A0118150103,90005162,8,84.53
23-04-2020,A0118150103,90017059,2,19.15
24-04-2020,A0118150103,90007197,61,686.54
25-04-2020,A0118150103,90019203,1,9.22
26-04-2020,A0118150103,90021095,14,131.07
27-04-2020,A0118150103,90022081,39,387.94
28-04-2020,A0118150103,90022082,39,375.38
29-04-2020,A1618150104,90023023,4,48.26
30-04-2020,A1618150104,90007197,5,63.24
01-05-2020,A1618150104,90022081,7,68.52
02-05-2020,A1618150104,90022082,6,61.92
03-05-2020,A1618150104,90023030,-2,23.36
04-05-2020,A1618150104,90012041,1,9.36
05-05-2020,A1618150104,90005162,1,11.17
06-05-2020,A1618150104,90021095,1,11.05
07-05-2020,A1718150204,90023030,3,40.05
08-05-2020,A1718150204,90007197,-7,104.23
09-05-2020,A1718150204,90022081,-10,112.09
10-05-2020,A1718150204,90022082,4,46.53
11-05-2020,A1718150204,90010046,1,11.04
12-05-2020,A1718150204,90012041,1,11.06
13-05-2020,A1718150204,90005162,1,12.14
14-05-2020,A1718150204,90021095,1,11.99
15-05-2020,A1718150204,90023023,2,28.15
16-05-2020,A1018150103,90010046,5,252.66
17-05-2020,A1018150103,90023023,10,601.7
18-05-2020,A1018150103,90023030,10,582.75
19-05-2020,A1018150103,90012041,-10,524.64
20-05-2020,A1018150103,90005162,2,124.66
21-05-2020,A1018150103,90007197,38,2551.67
22-05-2020,A1018150103,90021095,4,245.14
23-05-2020,A1018150103,90022081,38,1891.67
24-05-2020,A1018150103,90022082,5,255.32
25-05-2020,A1219150303,90010046,-4,204.66
26-05-2020,A1219150303,90023023,17,1257.6
27-05-2020,A1219150303,90023030,5,378.33
28-05-2020,A1219150303,90012041,5,324.51
29-05-2020,A1219150303,90014141,1,61.96
30-05-2020,A1219150303,90005162,1,71.38
31-05-2020,A1219150303,90007197,-23,1773.28
01-06-2020,A1219150303,90021095,1,69.32
02-06-2020,A1219150303,90022081,14,829.42
03-06-2020,A1219150303,90022082,13,703.7
04-06-2020,A1119150203,90010046,2,94.28
05-06-2020,A1119150203,90023023,22,1605.88
06-06-2020,A1119150203,90023030,-4,241.44
07-06-2020,A1119150203,90012041,9,528.77
08-06-2020,A1119150203,90014141,1,62.51
09-06-2020,A1119150203,90005162,5,328.74
10-06-2020,A1119150203,90017059,2,125.71
11-06-2020,A1119150203,90007197,15,1099.09
12-06-2020,A1119150203,90021095,5,298.3
13-06-2020,A1119150203,90022081,58,3194.05
14-06-2020,A1119150203,90022082,4,212.32
15-06-2020,A1718150201,90007197,6,76.05
16-06-2020,A1718150201,90022081,4,32.68
17-06-2020,A1718150201,90023023,2,22.29
18-06-2020,A1718150201,90022082,2,17.29
19-06-2020,A1718150201,90012041,-1,10.1
20-06-2020,A1718150201,90005162,-1,10.17
21-06-2020,A1819150301,90005162,1,12.89
22-06-2020,A1819150301,90017059,1,11.45
23-06-2020,A1819150301,90021095,1,11.43
24-06-2020,A1819150301,90023023,2,24.66
25-06-2020,A1819150301,90023030,-2,22.63
26-06-2020,A1819150301,90007197,4,53.76
27-06-2020,A1819150301,90022081,6,59.2
28-06-2020,A1819150301,90022082,3,29.46
29-06-2020,A1618150101,90023023,3,25.23
30-06-2020,A1618150101,90007197,4,34.81
01-07-2020,A1618150101,90022081,6,43.96
02-07-2020,A1618150101,90022082,2,14.73
03-07-2020,A1618150101,90023030,1,8.4
04-07-2020,A1618150101,90012041,1,6.73
05-07-2020,A0219150201,90010046,-2,13.53
06-07-2020,A0219150201,90023023,31,312.36
07-07-2020,A0219150201,90023030,6,60.64
08-07-2020,A0219150201,90012041,-18,162.08
09-07-2020,A0219150201,90014141,3,26.86
10-07-2020,A0219150201,90005162,6,57.61
11-07-2020,A0219150201,90017059,-2,17.85
12-07-2020,A0219150201,90007197,46,507.91
13-07-2020,A0219150201,90019203,1,8.84
14-07-2020,A0219150201,90021095,-10,87.25
15-07-2020,A0219150201,90022081,44,382.63
16-07-2020,A0219150201,90022082,18,148.22
17-07-2020,A0118150101,90010046,7,46.78
18-07-2020,A0118150101,90023023,38,327.83
19-07-2020,A0118150101,90023030,15,120.71
20-07-2020,A0118150101,90012041,7,50.03
21-07-2020,A0118150101,90014141,1,6.73
22-07-2020,A0118150101,90005162,11,80.48
23-07-2020,A0118150101,90017059,-1,6.95
24-07-2020,A0118150101,90007197,83,720.23
25-07-2020,A0118150101,90021095,-6,42.43
26-07-2020,A0118150101,90022081,95,651
27-07-2020,A0118150101,90022082,-19,123.14
28-07-2020,A1018150101,90010046,-5,191.93
29-07-2020,A1018150101,90023023,-7,380.16
30-07-2020,A1018150101,90023030,14,705.15
31-07-2020,A1018150101,90012041,-1,41.38
01-08-2020,A1018150101,90014141,1,43.87
02-08-2020,A1018150101,90005162,-5,233.22
03-08-2020,A1018150101,90017059,1,48
04-08-2020,A1018150101,90007197,36,2168.87
05-08-2020,A1018150101,90021095,6,281
06-08-2020,A1018150101,90022081,-7,309.84
07-08-2020,A1018150101,90022082,8,330.02
08-08-2020,A1219150301,90010046,3,143.2
09-08-2020,A1219150301,90023023,-4,265.29
10-08-2020,A1219150301,90023030,13,818.82
11-08-2020,A1219150301,90012041,4,244.58
12-08-2020,A1219150301,90014141,1,60.38
13-08-2020,A1219150301,90005162,2,127.42
14-08-2020,A1219150301,90017059,3,182.39
15-08-2020,A1219150301,90007197,20,1446.48
16-08-2020,A1219150301,90021095,7,424.86
17-08-2020,A1219150301,90022081,-47,2690.21
18-08-2020,A1219150301,90022082,9,492.71
19-08-2020,A1118150201,90010046,1,43.4
20-08-2020,A1118150201,90023023,-18,1052.29
21-08-2020,A1118150201,90023030,15,812.64
22-08-2020,A1118150201,90012041,3,142.88
23-08-2020,A1118150201,90005162,3,168.01
24-08-2020,A1118150201,90017059,-1,54.48
25-08-2020,A1118150201,90007197,39,2545.14
26-08-2020,A1118150201,90021095,3,146.9
27-08-2020,A1118150201,90022081,14,621.37
28-08-2020,A1118150201,90022082,29,1378.39
29-08-2020,A5419110202,90022081,3,686.61
30-08-2020,A5519110301,90022081,3,674.82
31-08-2020,A5519110302,90022081,3,733.03
01-09-2020,A5519110303,90022081,3,685.78
02-09-2020,A5621110405,90022081,3,758.44
03-09-2020,A4118110101,90007197,8,618.84
04-09-2020,A4118110101,90022082,8,490.35
05-09-2020,A4118110102,90022082,-8,524.11
06-09-2020,A4118110106,90007197,8,784.58
07-09-2020,A4118110106,90022082,8,620.76
08-09-2020,A4118110107,90007197,9,879.55
09-09-2020,A4118110107,90022082,8,549.82
10-09-2020,A4118110101,90022081,12,753.67
11-09-2020,A4118110107,90022081,-13,891.06
12-09-2020,A4218110201,90007197,7,654.78
13-09-2020,A4218110201,90022082,-9,664.1
14-09-2020,A4218110202,90007197,7,786.92
15-09-2020,A4218110204,90022082,-7,598.1
16-09-2020,A4218110206,90022082,-9,867.32
17-09-2020,A4218110208,90022082,8,725.01
18-09-2020,A4218110204,90022081,12,1199.19
19-09-2020,A4218110205,90022081,14,1298.85
20-09-2020,A4218110206,90022081,14,1457.36
21-09-2020,A4218110207,90022081,8,730.36
22-09-2020,A4218110208,90022081,12,1194.13
23-09-2020,A4318110301,90007197,8,1096.35
24-09-2020,A4319110304,90022081,13,1215.08
25-09-2020,A4319110306,90007197,7,922.04
26-09-2020,A4319110306,90022081,-10,908.11
27-09-2020,A4319110306,90022082,9,951.71
28-09-2020,A4419110401,90022082,8,757.05
29-09-2020,A4419110402,90022081,7,701.57
30-09-2020,A4318110301,90022081,6,600.99
01-10-2020,A4318110301,90022082,-6,646.21
02-10-2020,A4319110305,90023023,6,732.03
03-10-2020,A4319110306,90023023,-6,694.71
04-10-2020,A4419110402,90023023,6,774.47
05-10-2020,A4118110102,90022081,6,424.92
06-10-2020,A4118110104,90007197,6,599.81
07-10-2020,A4218110204,90023023,6,705.02
08-10-2020,A4218110205,90022082,-6,569.93
09-10-2020,A4118110101,90023023,5,385.7
10-10-2020,A4118110105,90022081,5,384.05
11-10-2020,A4319110302,90022081,5,467.35
12-10-2020,A4319110305,90022082,5,499.18
13-10-2020,A4218110201,90023023,5,418.08
14-10-2020,A4218110201,90022081,5,371.52
15-10-2020,A4218110202,90023023,5,543.49
16-10-2020,A4218110208,90007197,5,610.25
17-10-2020,A4319110302,90007197,-4,499.52
18-10-2020,A4319110304,90007197,4,503.83
19-10-2020,A4319110305,90007197,-4,569.52
20-10-2020,A4319110305,90022081,4,434.28
21-10-2020,A4118110104,90022081,-4,269.24
22-10-2020,A4118110105,90007197,4,367.11
23-10-2020,A4118110106,90023023,4,347.62
24-10-2020,A4419110402,90022082,4,429.65
25-10-2020,A4218110202,90022081,4,324.73
26-10-2020,A4218110204,90007197,4,525.18
27-10-2020,A4218110205,90023030,4,428.01
28-10-2020,A4118110106,90022081,3,191.08
29-10-2020,A4118110105,90023023,3,257.23
30-10-2020,A4118110105,90022082,-3,191.08
31-10-2020,A4118110104,90023030,-3,257.87
01-11-2020,A4118110104,90012041,3,230.14
02-11-2020,A4118110104,90022082,-3,218.37
03-11-2020,A4118110101,90012041,3,179.67
04-11-2020,A4118110102,90023023,3,260.51
05-11-2020,A4118110102,90007197,3,258.18
06-11-2020,A4419110401,90022081,3,269.85
07-11-2020,A4419110402,90007197,-3,430.67
08-11-2020,A4319110302,90023023,3,318.03
09-11-2020,A4319110302,90022082,3,251.34
10-11-2020,A4218110206,90007197,-3,386.49
11-11-2020,A4218110207,90023030,3,307.21
12-11-2020,A4218110207,90022082,3,264.01
13-11-2020,A4218110208,90023023,3,337.42
14-11-2020,A4218110202,90022082,3,229.87
15-11-2020,A4218110205,90023023,3,321.74
16-11-2020,A4218110205,90007197,3,386.62
17-11-2020,A4218110202,90012041,2,183.77
18-11-2020,A4218110202,90021095,2,209.44
19-11-2020,A4218110201,90012041,2,141.72
20-11-2020,A4218110207,90023023,-2,208.07
21-11-2020,A4218110207,90012041,2,191.59
22-11-2020,A4218110207,90007197,-2,244.38
23-11-2020,A4218110206,90023023,-2,252.32
24-11-2020,A4218110206,90012041,2,194.19
25-11-2020,A4218110206,90021095,2,201.31
26-11-2020,A4218110204,90012041,-2,192.93
27-11-2020,A4218110208,90023030,-2,195.1
28-11-2020,A4218110208,90021095,2,209.54
29-11-2020,A4419110401,90023023,2,253.31
30-11-2020,A4419110401,90012041,2,214.71
01-12-2020,A4419110401,90007197,2,280.17
02-12-2020,A4419110402,90023030,-2,241.65
03-12-2020,A4419110402,90012041,2,223.26
04-12-2020,A4118110101,90023030,2,151.76
05-12-2020,A4118110101,90021095,2,144.24
06-12-2020,A4118110104,90021095,2,167.29
07-12-2020,A4118110105,90021095,2,152.24
08-12-2020,A4118110106,90012041,2,142.05
09-12-2020,A4118110107,90023023,2,191.29
10-12-2020,A4118110107,90023030,-2,166.57
11-12-2020,A4319110305,90023030,-2,250.88
12-12-2020,A4319110305,90012041,2,213.48
13-12-2020,A4319110305,90021095,2,243.72
14-12-2020,A4318110301,90023030,2,239.34
15-12-2020,A4319110306,90012041,2,193.72
16-12-2020,A4319110304,90022082,2,176.9
17-12-2020,A4319110302,90023030,2,221.27
18-12-2020,A4319110302,90021095,-2,201.77
19-12-2020,A5318110107,90007197,2,572.85
20-12-2020,A5318110107,90022081,2,450.12
21-12-2020,A5318110102,90022082,2,436.57
22-12-2020,A5318110103,90022081,2,405.81
23-12-2020,A5318110105,90007197,-2,641.39
24-12-2020,A5318110105,90022081,2,496.39
25-12-2020,A5318110108,90007197,2,579.71
26-12-2020,A5318110108,90022081,2,472.21
27-12-2020,A5318110108,90022082,2,432.49
28-12-2020,A5519110301,90022082,2,414.56
29-12-2020,A5519110302,90007197,-2,668.58
30-12-2020,A5519110302,90022082,2,452.87
31-12-2020,A5519110304,90022082,2,497.06
01-01-2021,A5520110305,90022081,2,555.64
02-01-2021,A5520110305,90022082,2,557.51
03-01-2021,A5620110401,90022081,2,516.18
04-01-2021,A5621110403,90022081,2,459.87
05-01-2021,A5621110405,90022082,2,493.7
06-01-2021,A5419110201,90007197,2,567.81
07-01-2021,A5419110201,90022081,2,374.91
08-01-2021,A5419110201,90022082,2,415.43
09-01-2021,A5419110202,90022082,2,448.75
10-01-2021,A5419110203,90022081,-2,392.63
11-01-2021,A5419110203,90022082,2,409.39
12-01-2021,A5419110205,90022082,-2,458.27
13-01-2021,A5419110207,90007197,2,599.57
14-01-2021,A5419110207,90022081,2,492.65
15-01-2021,A5419110208,90022081,-2,396.38
16-01-2021,A5419110208,90022082,2,390.66
17-01-2021,A7119160103,90010046,69,741.31
18-01-2021,A7119160103,90023023,232,3014.79
19-01-2021,A7119160103,90023030,53,702.44
20-01-2021,A7119160103,90012041,183,2097.81
21-01-2021,A7119160103,90014141,19,232.74
22-01-2021,A7119160103,90005162,61,861.65
23-01-2021,A7119160103,90017059,31,366.06
24-01-2021,A7119160103,90007197,346,5230.25
25-01-2021,A7119160103,90019203,8,94.66
26-01-2021,A7119160103,90021095,111,1465.35
27-01-2021,A7119160103,90022081,424,4798.56
28-01-2021,A7119160103,90022082,420,4262.38
29-01-2021,A7119160102,90010046,-22,189.24
30-01-2021,A7119160102,90023023,300,3934.5
31-01-2021,A7119160102,90023030,29,365.51
01-02-2021,A7119160102,90012041,37,402.77
02-02-2021,A7119160102,90014141,9,104.22
03-02-2021,A7119160102,90005162,-15,183.45
04-02-2021,A7119160102,90017059,20,243.92
05-02-2021,A7119160102,90007197,567,8234.76
06-02-2021,A7119160102,90019203,6,64.36
07-02-2021,A7119160102,90021095,32,397.99
08-02-2021,A7119160102,90022081,992,10980.99
09-02-2021,A7119160102,90022082,212,2083.28
10-02-2021,A7118160101,90010046,23,230.66
11-02-2021,A7118160101,90023023,-94,1269.47
12-02-2021,A7118160101,90023030,87,1092.8
13-02-2021,A7118160101,90012041,97,1005.39
14-02-2021,A7118160101,90014141,19,202.72
15-02-2021,A7118160101,90005162,-86,1002.08
16-02-2021,A7118160101,90017059,18,205.81
17-02-2021,A7118160101,90007197,182,2640.58
18-02-2021,A7118160101,90019203,9,105.74
19-02-2021,A7118160101,90021095,28,310.08
20-02-2021,A7118160101,90022081,228,2391.42
21-02-2021,A7118160101,90022082,191,2102.59
22-02-2021,A7219160201,90010046,14,156.72
23-02-2021,A7219160201,90023023,365,4844.8
24-02-2021,A7219160201,90023030,-192,2499.6
25-02-2021,A7219160201,90012041,78,899.35
26-02-2021,A7219160201,90014141,6,72.15
27-02-2021,A7219160201,90005162,23,318.82
28-02-2021,A7219160201,90017059,11,142.07
01-03-2021,A7219160201,90007197,-439,6558.64
02-03-2021,A7219160201,90019203,7,76.7
03-03-2021,A7219160201,90021095,133,1633
04-03-2021,A7219160201,90022081,454,5459.7
05-03-2021,A7219160201,90022082,307,3081.35
06-03-2021,A6218160102,90010046,-66,370.97
07-03-2021,A6218160102,90023023,226,1741.03
08-03-2021,A6218160102,90023030,-44,338.54
09-03-2021,A6218160102,90012041,134,934.47
10-03-2021,A6218160102,90014141,17,109.14
11-03-2021,A6218160102,90005162,-80,635.11
12-03-2021,A6218160102,90017059,21,143.07
13-03-2021,A6218160102,90007197,85,730.51
14-03-2021,A6218160102,90019203,8,53.47
15-03-2021,A6218160102,90021095,99,711.99
16-03-2021,A6218160102,90022081,-736,4443.38
17-03-2021,A6218160102,90022082,181,1143.08
18-03-2021,A6218160101,90010046,-64,321.9
19-03-2021,A6218160101,90023023,212,1568.8
20-03-2021,A6218160101,90023030,118,755.59
21-03-2021,A6218160101,90012041,24,144.34
22-03-2021,A6218160101,90014141,13,78.04
23-03-2021,A6218160101,90005162,38,247.89
24-03-2021,A6218160101,90017059,42,244.53
25-03-2021,A6218160101,90007197,221,1562.29
26-03-2021,A6218160101,90019203,3,17.2
27-03-2021,A6218160101,90021095,87,489.13
28-03-2021,A6218160101,90022081,136,711.97
29-03-2021,A6218160101,90022082,-528,2862.38
30-03-2021,A6219160103,90010046,40,210.66
31-03-2021,A6219160103,90023023,-100,711.99
01-04-2021,A6219160103,90023030,159,1141.72
02-04-2021,A6219160103,90012041,70,404.94
03-04-2021,A6219160103,90014141,15,93.83
04-04-2021,A6219160103,90005162,-20,143.93
05-04-2021,A6219160103,90017059,29,183.74
06-04-2021,A6219160103,90007197,387,3068.88
07-04-2021,A6219160103,90019203,3,19.61
08-04-2021,A6219160103,90021095,27,177.81
09-04-2021,A6219160103,90022081,266,1474.69
10-04-2021,A6219160103,90022082,142,852.2
11-04-2021,A6319160203,90010046,49,324.65
12-04-2021,A6319160203,90023023,99,856.22
13-04-2021,A6319160203,90023030,36,314.3
14-04-2021,A6319160203,90012041,-69,511.28
15-04-2021,A6319160203,90014141,4,31.81
16-04-2021,A6319160203,90005162,71,641.62
17-04-2021,A6319160203,90017059,-16,137.74
18-04-2021,A6319160203,90007197,468,4512.96
19-04-2021,A6319160203,90019203,-6,45.41
20-04-2021,A6319160203,90021095,88,733.59
21-04-2021,A6319160203,90022081,593,4688.38
22-04-2021,A6319160203,90022082,227,1746.37
23-04-2021,A6319160201,90010046,47,297.28
24-04-2021,A6319160201,90023023,324,2767.61
25-04-2021,A6319160201,90023030,55,413.17
26-04-2021,A6319160201,90012041,51,351.14
27-04-2021,A6319160201,90014141,3,20.82
28-04-2021,A6319160201,90005162,12,91.23
29-04-2021,A6319160201,90017059,32,236.73
30-04-2021,A6319160201,90007197,319,2913.33
01-05-2021,A6319160201,90021095,108,766.52
02-05-2021,A6319160201,90022081,691,4469.96
03-05-2021,A6319160201,90022082,259,1604.43
04-05-2021,A6319160202,90010046,23,169.2
05-05-2021,A6319160202,90023023,157,1427.49
06-05-2021,A6319160202,90023030,44,370.2
07-05-2021,A6319160202,90012041,96,761.22
08-05-2021,A6319160202,90014141,11,94.03
09-05-2021,A6319160202,90005162,11,91.62
10-05-2021,A6319160202,90017059,25,202.87
11-05-2021,A6319160202,90007197,-126,1316.94
12-05-2021,A6319160202,90019203,7,55.25
13-05-2021,A6319160202,90021095,81,730.36
14-05-2021,A6319160202,90022081,832,6381.06
15-05-2021,A6319160202,90022082,129,918.72
16-05-2021,A6319160201,90019203,1,6.77
17-05-2021,A4118110106,90010046,1,60.48
18-05-2021,A4118110106,90023030,1,83.11
19-05-2021,A4118110106,90017059,1,71.99
20-05-2021,A4118110107,90010046,1,71.29
21-05-2021,A4118110107,90012041,1,77.86
22-05-2021,A4118110107,90005162,1,91.1
23-05-2021,A4118110107,90017059,1,75.5
24-05-2021,A4118110107,90021095,1,72.94
25-05-2021,A4118110105,90010046,1,61.97
26-05-2021,A4118110105,90023030,1,89.65
27-05-2021,A4118110105,90012041,1,69.92
28-05-2021,A6218160101,90002006,228,1418.56
29-05-2021,A4118110105,90017059,-1,82.58
30-05-2021,A4118110104,90010046,-1,73.6
31-05-2021,A4118110104,90023023,1,90.6
01-06-2021,A4118110104,90005162,1,87.03
02-06-2021,A4118110102,90010046,-1,58.09
03-06-2021,A4118110102,90023030,1,82.78
04-06-2021,A4118110102,90012041,1,68.83
05-06-2021,A4118110102,90005162,-1,74.53
06-06-2021,A4118110102,90017059,-1,74.17
07-06-2021,A4118110102,90021095,1,81.13
08-06-2021,A4118110101,90010046,1,53.89
09-06-2021,A4118110101,90005162,-1,63.58
10-06-2021,A4319110306,90010046,-1,87.95
11-06-2021,A4319110306,90023030,1,109.72
12-06-2021,A4319110306,90017059,1,103.23
13-06-2021,A4319110306,90021095,1,105.78
14-06-2021,A4319110305,90005162,1,117.26
15-06-2021,A4318110301,90023023,1,122.31
16-06-2021,A4318110301,90012041,1,108.74
17-06-2021,A4318110301,90005162,-1,114.56
18-06-2021,A4318110301,90021095,1,110.4
19-06-2021,A4319110304,90010046,-1,84.7
20-06-2021,A4319110304,90023023,1,125.16
21-06-2021,A4319110304,90023030,1,108
22-06-2021,A4319110304,90005162,-1,116.78
23-06-2021,A4319110304,90017059,1,103.06
24-06-2021,A4319110304,90021095,1,108.87
25-06-2021,A4319110302,90010046,1,87.14
26-06-2021,A4319110302,90012041,-1,96.22
27-06-2021,A4319110302,90005162,1,111.23
28-06-2021,A4419110401,90010046,-1,94.62
29-06-2021,A4419110401,90023030,1,113.96
30-06-2021,A4419110401,90005162,1,116.27
01-07-2021,A4419110401,90021095,1,101.51
02-07-2021,A4419110402,90010046,1,105.43
03-07-2021,A4419110402,90017059,1,119.07
04-07-2021,A4419110402,90021095,1,120.22
05-07-2021,A4218110206,90010046,1,86.19
06-07-2021,A4218110206,90023030,1,110.18
07-07-2021,A4218110206,90005162,1,108.35
08-07-2021,A4218110206,90017059,1,104.04
09-07-2021,A4218110207,90010046,1,87.17
10-07-2021,A4218110207,90005162,1,104.2
11-07-2021,A4218110207,90021095,1,93.3
12-07-2021,A4218110208,90012041,1,85.94
13-07-2021,A4218110208,90005162,1,99.94
14-07-2021,A4218110208,90017059,1,99.01
15-07-2021,A4218110202,90010046,1,73.92
16-07-2021,A4218110202,90023030,1,100.77
17-07-2021,A4218110204,90010046,1,80.37
18-07-2021,A4218110204,90023030,1,112.01
19-07-2021,A4218110204,90005162,1,109.42
20-07-2021,A4218110204,90021095,-1,115.65
21-07-2021,A4218110205,90010046,-1,86.08
22-07-2021,A4218110205,90012041,1,92.25
23-07-2021,A4218110205,90005162,1,100.84
24-07-2021,A4218110205,90021095,1,97.63
25-07-2021,A4218110201,90010046,1,70.98
26-07-2021,A4218110201,90023030,1,87.39
27-07-2021,A4218110201,90005162,-1,80.3
28-07-2021,A4218110201,90021095,1,78.8
29-07-2021,A5519110304,90023023,-1,295.77
30-07-2021,A5519110304,90023030,1,283.05
31-07-2021,A5519110304,90012041,1,227.13
01-08-2021,A5519110304,90007197,1,316.38
02-08-2021,A5519110304,90022081,1,251.45
03-08-2021,A5520110305,90023023,1,321.88
04-08-2021,A5520110305,90023030,1,297.05
05-08-2021,A5520110305,90012041,1,255.21
06-08-2021,A5520110305,90007197,1,356.42
07-08-2021,A5519110301,90023023,1,259.6
08-08-2021,A5519110301,90023030,1,250.48
09-08-2021,A5519110301,90007197,1,273.42
10-08-2021,A5519110303,90007197,1,338.39
11-08-2021,A5519110303,90022082,1,264.04
12-08-2021,A5520110307,90007197,1,274.5
13-08-2021,A5520110307,90022081,1,217.01
14-08-2021,A5520110307,90022082,1,220.91
15-08-2021,A5519110302,90023023,1,307.68
16-08-2021,A5519110302,90023030,1,282.65
17-08-2021,A5520110308,90012041,1,252.77
18-08-2021,A5520110308,90007197,-1,290.1
19-08-2021,A5520110308,90022081,1,221.38
20-08-2021,A5520110308,90022082,1,210.71
21-08-2021,A5318110104,90023023,1,263.54
22-08-2021,A5318110104,90007197,-1,282.19
23-08-2021,A5318110104,90022081,-1,239.51
24-08-2021,A5318110104,90022082,1,208.96
25-08-2021,A5318110108,90023023,1,268.57
26-08-2021,A5318110105,90023023,1,296.22
27-08-2021,A5318110105,90023030,1,285.65
28-08-2021,A5318110105,90022082,-1,215.4
29-08-2021,A5318110103,90023030,1,257.05
30-08-2021,A5318110103,90007197,1,267.97
31-08-2021,A5318110103,90022082,1,213.48
01-09-2021,A5318110107,90023023,-1,265.7
02-09-2021,A5318110107,90022082,1,235.83
03-09-2021,A5318110101,90023023,1,280.2
04-09-2021,A5318110101,90022081,1,233.5
05-09-2021,A5318110101,90022082,1,210.7
06-09-2021,A5318110102,90023023,-1,273.77
07-09-2021,A5318110102,90023030,1,235.96
08-09-2021,A5318110102,90012041,1,228.52
09-09-2021,A5318110102,90007197,1,285.48
10-09-2021,A5318110102,90022081,1,221.42
11-09-2021,A5621110403,90023023,-1,298.36
12-09-2021,A5621110403,90022082,1,257.03
13-09-2021,A5620110401,90023023,1,292.77
14-09-2021,A5620110401,90023030,1,277.68
15-09-2021,A5620110401,90012041,1,275.86
16-09-2021,A5620110401,90007197,-1,318.73
17-09-2021,A5620110401,90022082,1,265.89
18-09-2021,A5620110402,90022081,-1,222.25
19-09-2021,A5620110402,90022082,1,232.68
20-09-2021,A5621110405,90023023,1,293.27
21-09-2021,A5621110405,90023030,1,292.55
22-09-2021,A5621110405,90007197,1,314.24
23-09-2021,A5621110404,90023023,1,287.97
24-09-2021,A5621110404,90007197,1,301.51
25-09-2021,A5621110404,90022081,1,203.9
26-09-2021,A5621110404,90022082,1,197.92
27-09-2021,A5419110203,90023023,-1,261.56
28-09-2021,A5419110203,90007197,1,271.82
29-09-2021,A5419110202,90007197,1,311.75
30-09-2021,A5419110208,90023023,1,269.76
01-10-2021,A5419110208,90023030,-1,241.85
02-10-2021,A5419110208,90007197,-1,275.49
03-10-2021,A5419110201,90023023,1,253.23
04-10-2021,A5419110201,90023030,1,247.5
05-10-2021,A5419110201,90012041,1,219.35
06-10-2021,A5419110204,90023023,1,283.47
07-10-2021,A5419110204,90007197,1,275.99
08-10-2021,A5419110204,90022081,1,225.79
09-10-2021,A5419110204,90022082,1,209.2
10-10-2021,A5419110205,90023023,1,263.32
11-10-2021,A5419110205,90023030,1,260.83
12-10-2021,A5419110205,90007197,1,287.66
13-10-2021,A5419110205,90022081,-1,206.51
14-10-2021,A5419110207,90023023,1,285.63
15-10-2021,A5419110207,90022082,1,220.55
16-10-2021,A7119160103,90008165,157,1915.17
17-10-2021,A7119160103,90008166,340,4742.19
18-10-2021,A7119160103,90008167,113,1577.85
19-10-2021,A7119160103,90010045,82,865.7
20-10-2021,A7119160103,90023022,241,3603.5
21-10-2021,A7119160103,90023025,90,1172.76
22-10-2021,A7119160103,90023026,164,1959.42
23-10-2021,A7119160103,90023027,-244,2800.07
24-10-2021,A7119160103,90023029,126,1652.04
25-10-2021,A7119160103,90011185,58,803.85
26-10-2021,A7119160103,90011186,62,831.3
27-10-2021,A7119160103,90011187,-217,2862.05
28-10-2021,A7119160103,90011189,264,3493.96
29-10-2021,A7119160103,90011191,-191,2764.09
30-10-2021,A7119160103,90003179,337,4629.67
31-10-2021,A7119160103,90014135,-11,132.12
01-11-2021,A7119160103,90014139,14,160.31
02-11-2021,A7119160103,90005159,33,446.66
03-11-2021,A7119160103,90005161,-43,544.7
04-11-2021,A7119160103,90006153,-95,1139.97
05-11-2021,A7119160103,90016171,39,447.83
06-11-2021,A7119160103,90016173,21,235.02
07-11-2021,A7119160103,90016174,43,454.67
08-11-2021,A7119160103,90016175,32,389.88
09-11-2021,A7119160103,90019201,5,67.18
10-11-2021,A7119160103,90019202,-5,59.54
11-11-2021,A7119160103,90013117,-133,1904.1
12-11-2021,A7119160103,90013118,32,455.62
13-11-2021,A7119160103,90013119,171,2446.29
14-11-2021,A7119160103,90013121,37,472.53
15-11-2021,A7119160103,90013122,140,2019.83
16-11-2021,A7119160103,90013123,150,2039.72
17-11-2021,A7119160103,90012033,-168,2279.45
18-11-2021,A7119160103,90012034,56,675.55
19-11-2021,A7119160103,90012035,136,1750.36
20-11-2021,A7119160103,90012037,46,547.94
21-11-2021,A7119160103,90012038,103,1131.77
22-11-2021,A7119160103,90012039,68,735.18
23-11-2021,A7119160103,90022071,443,4799.07
24-11-2021,A7119160103,90022073,-527,6372.68
25-11-2021,A7119160103,90022075,-280,2912.79
26-11-2021,A7119160103,90022077,331,3764.25
27-11-2021,A7119160103,90022078,177,1844.16
28-11-2021,A7119160103,90022079,540,5600.21
29-11-2021,A7119160103,90021086,64,724.5
30-11-2021,A7119160103,90021087,138,1561.68
01-12-2021,A7119160103,90021089,112,1483.57
02-12-2021,A7119160103,90021090,27,293.07
03-12-2021,A7119160103,90021091,29,344.98
04-12-2021,A7119160103,90021093,66,708.8
05-12-2021,A7119160103,90021094,70,792
06-12-2021,A7119160103,90017049,14,186.3
07-12-2021,A7119160103,90017050,24,283.54
08-12-2021,A7119160103,90017051,26,346.8
09-12-2021,A7119160103,90017053,22,281.04
10-12-2021,A7119160103,90017054,46,552.37
11-12-2021,A7119160103,90017055,11,131.83
12-12-2021,A7119160103,90017057,33,475.6
13-12-2021,A7119160103,90002001,148,1997.15
14-12-2021,A7119160103,90002002,595,8451.04
15-12-2021,A7119160103,90002003,-839,10585.48
16-12-2021,A7119160103,90002005,-479,6343.77
17-12-2021,A7119160103,90002006,983,13289.38
18-12-2021,A7119160103,90002007,-641,7554.42
19-12-2021,A7119160103,90002011,396,4629.44
20-12-2021,A7119160103,90002013,335,4303.06
21-12-2021,A7119160103,90002014,-236,3100.84
22-12-2021,A7119160103,90002015,-424,5734.02
23-12-2021,A7119160103,90001021,71,1005.89
24-12-2021,A7119160103,90002009,-403,4844.64
25-12-2021,A7119160103,90002010,690,9768.54
26-12-2021,A7119160103,90022074,118,1275.83
27-12-2021,A7119160103,90022083,-71,785.68
28-12-2021,A7119160102,90001021,126,1708.78
29-12-2021,A7119160102,90002009,1360,16435.67
30-12-2021,A7119160102,90002010,593,7837.23
31-12-2021,A7119160102,90022074,95,922.25
01-01-2022,A7119160102,90022083,-325,3841.24
02-01-2022,A7119160102,90008165,-220,2686.38
03-01-2022,A7119160102,90008166,-124,1442.94
04-01-2022,A7119160102,90008167,328,4342.79
05-01-2022,A7119160102,90010045,71,701.72
06-01-2022,A7119160102,90023022,205,2823.56
07-01-2022,A7119160102,90023025,129,1526.13
08-01-2022,A7119160102,90023026,104,1274.42
09-01-2022,A7119160102,90023027,-28,342.05
10-01-2022,A7119160102,90023029,60,707.09
11-01-2022,A7119160102,90011185,112,1410.02
12-01-2022,A7119160102,90011186,125,1637.82
13-01-2022,A7119160102,90011187,222,2671.12
14-01-2022,A7119160102,90011189,209,2719.83
15-01-2022,A7119160102,90011191,73,994.1
16-01-2022,A7119160102,90003179,351,4211.3
17-01-2022,A7119160102,90014135,5,58.78
18-01-2022,A7119160102,90014139,25,276.13
19-01-2022,A7119160102,90005159,54,671.88
20-01-2022,A7119160102,90005161,72,984.96
21-01-2022,A7119160102,90006153,210,2369.37
22-01-2022,A7119160102,90016171,37,399.47
23-01-2022,A7119160102,90016173,-14,160.39
24-01-2022,A7119160102,90016174,24,263.18
25-01-2022,A7119160102,90016175,34,410.96
26-01-2022,A7119160102,90019201,7,90.49
27-01-2022,A7119160102,90019202,-4,48.84
28-01-2022,A7119160102,90013117,153,2078.48
29-01-2022,A7119160102,90013118,179,2521.65
30-01-2022,A7119160102,90013119,107,1459.34
31-01-2022,A7119160102,90013121,161,1835.87
01-02-2022,A7119160102,90013122,139,1945.32
02-02-2022,A7119160102,90013123,59,718.42
03-02-2022,A7119160102,90012033,149,1906.24
04-02-2022,A7119160102,90012034,78,981.46
05-02-2022,A7119160102,90012035,63,689.08
06-02-2022,A7119160102,90012037,96,1015.93
07-02-2022,A7119160102,90012038,-171,1911.11
08-02-2022,A7119160102,90012039,-183,1937.91
09-02-2022,A7119160102,90022071,-488,5331.38
10-02-2022,A7119160102,90022073,102,1187.36
11-02-2022,A7119160102,90022075,238,2469.69
12-02-2022,A7119160102,90022077,315,3016.41
13-02-2022,A7119160102,90022078,79,780.45
14-02-2022,A7119160102,90022079,393,4055.66
15-02-2022,A7119160102,90021086,80,1037.74
16-02-2022,A7119160102,90021087,-135,1487.76
17-02-2022,A7119160102,90021089,73,855.2
18-02-2022,A7119160102,90021090,-113,1293.5
19-02-2022,A7119160102,90021091,63,721.07
20-02-2022,A7119160102,90021093,132,1400.02
21-02-2022,A7119160102,90021094,65,725.37
22-02-2022,A7119160102,90017049,40,521.94
23-02-2022,A7119160102,90017050,13,158.25
24-02-2022,A7119160102,90017051,36,479.65
25-02-2022,A7119160102,90017053,18,206.52
26-02-2022,A7119160102,90017054,-48,575.99
27-02-2022,A7119160102,90017055,42,491.46
28-02-2022,A7119160102,90017057,27,338.86
01-03-2022,A7119160102,90002001,614,7826.07
02-03-2022,A7119160102,90002002,217,3034.24
03-03-2022,A7119160102,90002003,1006,12707.71
04-03-2022,A7119160102,90002005,962,11539.48
05-03-2022,A7119160102,90002006,-188,2365.32
06-03-2022,A7119160102,90002007,618,7001.85
07-03-2022,A7119160102,90002011,795,9083.74
08-03-2022,A7119160102,90002013,291,3955.34
09-03-2022,A7119160102,90002014,479,5666.73
10-03-2022,A7119160102,90002015,340,4335.44
11-03-2022,A7118160101,90001021,18,237.14
12-03-2022,A7118160101,90002010,825,11088.71
13-03-2022,A7118160101,90022083,-222,2450.73
14-03-2022,A7118160101,90002009,310,3698.62
15-03-2022,A7118160101,90022074,694,6892.92
16-03-2022,A7118160101,90013117,87,1154.14
17-03-2022,A7118160101,90013118,-37,527.67
18-03-2022,A7118160101,90013119,-30,416.07
19-03-2022,A7118160101,90013121,163,1979.32
20-03-2022,A7118160101,90013122,117,1631.34
21-03-2022,A7118160101,90013123,143,1848.22
22-03-2022,A7118160101,90008165,172,1944.57
23-03-2022,A7118160101,90008166,273,3262.27
24-03-2022,A7118160101,90008167,-314,4006.46
25-03-2022,A7118160101,90010045,46,437.25
26-03-2022,A7118160101,90023022,167,2035.31
27-03-2022,A7118160101,90023025,234,2857.28
28-03-2022,A7118160101,90023026,31,354.1
29-03-2022,A7118160101,90023027,201,2314.78
30-03-2022,A7118160101,90023029,239,2746.91
31-03-2022,A7118160101,90011185,147,1883.05
01-04-2022,A7118160101,90011186,93,1109.73
02-04-2022,A7118160101,90011187,73,896.87
03-04-2022,A7118160101,90011189,243,3010.76
04-04-2022,A7118160101,90011191,172,2436.95
05-04-2022,A7118160101,90003179,224,2670.89
06-04-2022,A7118160101,90014135,9,107.72
07-04-2022,A7118160101,90014139,-24,279.79
08-04-2022,A7118160101,90005159,56,666.25
09-04-2022,A7118160101,90005161,92,1141.32
10-04-2022,A7118160101,90006153,136,1597.01
11-04-2022,A7118160101,90016171,10,106.16
12-04-2022,A7118160101,90016173,40,461.52
13-04-2022,A7118160101,90016174,36,368.89
14-04-2022,A7118160101,90016175,41,510.52
15-04-2022,A7118160101,90019201,8,100.17
16-04-2022,A7118160101,90019202,-8,101.31
17-04-2022,A7118160101,90012033,39,458.36
18-04-2022,A7118160101,90012034,48,558.68
19-04-2022,A7118160101,90012035,-146,1719.29
20-04-2022,A7118160101,90012037,27,300.59
21-04-2022,A7118160101,90012038,169,1794.16
22-04-2022,A7118160101,90012039,85,905.46
23-04-2022,A7118160101,90022071,120,1219.46
24-04-2022,A7118160101,90022073,-157,1691.05
25-04-2022,A7118160101,90022075,596,6223.36
26-04-2022,A7118160101,90022077,594,6038.1
27-04-2022,A7118160101,90022078,82,831.62
28-04-2022,A7118160101,90022079,415,4468.41
29-04-2022,A7118160101,90021086,74,789.12
30-04-2022,A7118160101,90021087,16,154.62
01-05-2022,A7118160101,90021089,-133,1506.54
02-05-2022,A7118160101,90021090,91,1039.36
03-05-2022,A7118160101,90021091,65,699.88
04-05-2022,A7118160101,90021093,-92,1085.95
05-05-2022,A7118160101,90021094,-40,380.74
06-05-2022,A7118160101,90017049,21,267.96
07-05-2022,A7118160101,90017050,-18,212.73
08-05-2022,A7118160101,90017051,20,234.15
09-05-2022,A7118160101,90017053,51,574.99
10-05-2022,A7118160101,90017054,18,199.88
11-05-2022,A7118160101,90017055,38,449.76
12-05-2022,A7118160101,90017057,39,477.25
13-05-2022,A7118160101,90002001,293,3733.33
14-05-2022,A7118160101,90002002,-114,1527.77
15-05-2022,A7118160101,90002003,409,4865.93
16-05-2022,A7118160101,90002005,122,1505.85
17-05-2022,A7118160101,90002006,901,10542.51
18-05-2022,A7118160101,90002007,508,5874.48
19-05-2022,A7118160101,90002011,-715,8067.04
20-05-2022,A7118160101,90002013,635,7943.86
21-05-2022,A7118160101,90002014,985,11753.65
22-05-2022,A7118160101,90002015,833,9720.06
23-05-2022,A7219160201,90001021,-25,381.33
24-05-2022,A7219160201,90002010,162,2235.87
25-05-2022,A7219160201,90022083,439,5626.76
26-05-2022,A7219160201,90002009,-373,4581.15
27-05-2022,A7219160201,90022074,564,6034.64
28-05-2022,A7219160201,90008165,120,1568.22
29-05-2022,A7219160201,90008166,76,1020.4
30-05-2022,A7219160201,90008167,-282,3893.81
31-05-2022,A7219160201,90010045,70,798.32
01-06-2022,A7219160201,90023022,244,3438.05
02-06-2022,A7219160201,90023025,-142,1678.95
03-06-2022,A7219160201,90023026,208,2642.93
04-06-2022,A7219160201,90023027,95,1191.62
05-06-2022,A7219160201,90023029,94,1284.07
06-06-2022,A7219160201,90011185,268,3657.17
07-06-2022,A7219160201,90011186,194,2585.75
08-06-2022,A7219160201,90011187,-198,2510.22
09-06-2022,A7219160201,90011189,33,457.22
10-06-2022,A7219160201,90011191,93,1328.2
11-06-2022,A7219160201,90003179,144,1928.05
12-06-2022,A7219160201,90014135,6,74.55
13-06-2022,A7219160201,90014139,7,77.86
14-06-2022,A7219160201,90005159,21,271.75
15-06-2022,A7219160201,90005161,17,248.62
16-06-2022,A7219160201,90006153,86,1040.39
17-06-2022,A7219160201,90016171,13,154.68
18-06-2022,A7219160201,90016173,23,289.58
19-06-2022,A7219160201,90016174,11,124.26
20-06-2022,A7219160201,90016175,27,365.99
21-06-2022,A7219160201,90019201,5,68.94
22-06-2022,A7219160201,90019202,9,112.68
23-06-2022,A7219160201,90013117,-159,2298.3
24-06-2022,A7219160201,90013118,-42,650.11
25-06-2022,A7219160201,90013119,39,555.56
26-06-2022,A7219160201,90013121,-43,550.27
27-06-2022,A7219160201,90013122,171,2644.3
28-06-2022,A7219160201,90013123,-147,2030.67
29-06-2022,A7219160201,90012033,54,699.15
30-06-2022,A7219160201,90012034,62,832.53
01-07-2022,A7219160201,90012035,67,822.56
02-07-2022,A7219160201,90012037,31,342.72
03-07-2022,A7219160201,90012038,112,1344.78
04-07-2022,A7219160201,90012039,185,2087.87
05-07-2022,A7219160201,90022071,433,4829.32
06-07-2022,A7219160201,90022073,-387,4190.32
07-07-2022,A7219160201,90022075,182,2129.41
08-07-2022,A7219160201,90022077,283,3360.51
09-07-2022,A7219160201,90022078,307,3293.18
10-07-2022,A7219160201,90022079,487,5993.57
11-07-2022,A7219160201,90021086,42,560.09
12-07-2022,A7219160201,90021087,29,307.25
13-07-2022,A7219160201,90021089,101,1385.39
14-07-2022,A7219160201,90021090,90,1009.64
15-07-2022,A7219160201,90021091,40,418.76
16-07-2022,A7219160201,90021093,84,1011.8
17-07-2022,A7219160201,90021094,117,1375.93
18-07-2022,A7219160201,90017049,38,540.4
19-07-2022,A7219160201,90017050,28,345.63
20-07-2022,A7219160201,90017051,55,708.67
21-07-2022,A7219160201,90017053,-48,588.14
22-07-2022,A7219160201,90017054,38,471.42
23-07-2022,A7219160201,90017055,10,132.69
24-07-2022,A7219160201,90017057,32,470.31
25-07-2022,A7219160201,90002001,154,2099.43
26-07-2022,A7219160201,90002002,645,9118.45
27-07-2022,A7219160201,90002003,247,3179.89
28-07-2022,A7219160201,90002005,694,8672.6
29-07-2022,A7219160201,90002006,-844,11260.28
30-07-2022,A7219160201,90002007,-886,10911.95
31-07-2022,A7219160201,90002011,675,7869.19
01-08-2022,A7219160201,90002013,375,5049.17
02-08-2022,A7219160201,90002014,1006,12759.84
03-08-2022,A7219160201,90002015,702,9485.87
04-08-2022,A6218160101,90001021,62,434.25
05-08-2022,A6218160101,90002010,368,2408.49
06-08-2022,A6218160101,90022083,225,1238.53
07-08-2022,A6218160101,90002009,550,3401.44
08-08-2022,A6218160101,90022074,688,3813.41
09-08-2022,A6218160101,90013117,84,601.83
10-08-2022,A6218160101,90013118,145,1039.16
11-08-2022,A6218160101,90013119,45,326.44
12-08-2022,A6218160101,90013121,41,247.01
13-08-2022,A6218160101,90013122,124,929.66
14-08-2022,A6218160101,90013123,43,296.75
15-08-2022,A6218160101,90008165,154,1006.09
16-08-2022,A6218160101,90008166,105,645.43
17-08-2022,A6218160101,90008167,157,1100.53
18-08-2022,A6218160101,90010045,9,48.44
19-08-2022,A6218160101,90023022,110,703.25
20-08-2022,A6218160101,90023025,51,331.75
21-08-2022,A6218160101,90023026,213,1268.58
22-08-2022,A6218160101,90023027,-105,611.64
23-08-2022,A6218160101,90023029,195,1318.48
24-08-2022,A6218160101,90011185,-44,278.71
25-08-2022,A6218160101,90011186,110,722.54
26-08-2022,A6218160101,90011187,158,986.03
27-08-2022,A6218160101,90011189,56,390.39
28-08-2022,A6218160101,90011191,79,541.87
29-08-2022,A6218160101,90003179,191,1104.24
30-08-2022,A6218160101,90014135,5,29.02
31-08-2022,A6218160101,90014139,23,123.18
01-09-2022,A6218160101,90005159,35,217.01
02-09-2022,A6218160101,90005161,80,503.39
03-09-2022,A6218160101,90006153,-254,1486.72
04-09-2022,A6218160101,90016171,28,143.54
05-09-2022,A6218160101,90016173,30,178.23
06-09-2022,A6218160101,90016174,23,132.71
07-09-2022,A6218160101,90016175,-28,186.49
08-09-2022,A6218160101,90019201,8,52.84
09-09-2022,A6218160101,90019202,5,34.15
10-09-2022,A6218160101,90012033,63,373.28
11-09-2022,A6218160101,90012034,113,702.59
12-09-2022,A6218160101,90012035,128,782.48
13-09-2022,A6218160101,90012037,123,658.91
14-09-2022,A6218160101,90012038,96,544.45
15-09-2022,A6218160101,90012039,104,587.99
16-09-2022,A6218160101,90022071,497,2508.58
17-09-2022,A6218160101,90022073,148,840.36
18-09-2022,A6218160101,90022075,213,1242.33
19-09-2022,A6218160101,90022077,228,1352.22
20-09-2022,A6218160101,90022078,450,2373.59
21-09-2022,A6218160101,90022079,516,2834.91
22-09-2022,A6218160101,90021086,19,112.44
23-09-2022,A6218160101,90021087,30,179.34
24-09-2022,A6218160101,90021089,19,114.46
25-09-2022,A6218160101,90021090,-105,613.21
26-09-2022,A6218160101,90021091,110,657.26
27-09-2022,A6218160101,90021093,-85,531.73
28-09-2022,A6218160101,90021094,17,88.64
29-09-2022,A6218160101,90017049,22,142.73
30-09-2022,A6218160101,90017050,-47,271.34
01-10-2022,A6218160101,90017051,35,228.93
02-10-2022,A6218160101,90017053,-48,297.11
03-10-2022,A6218160101,90017054,25,146.81
04-10-2022,A6218160101,90017055,6,39.57
05-10-2022,A6218160101,90017057,37,255
06-10-2022,A6218160101,90002001,108,744.64
07-10-2022,A6218160101,90002002,443,3352.32
08-10-2022,A6218160101,90002003,139,824.94
09-10-2022,A6218160101,90002005,604,4178.51
10-10-2022,A4118110105,90005162,-1,82.93
11-10-2022,A6218160101,90002007,-252,1488.16
12-10-2022,A6218160101,90002011,863,4902.91
13-10-2022,A6218160101,90002013,401,2649.82
14-10-2022,A6218160101,90002014,766,4865.62
15-10-2022,A6218160101,90002015,-896,5627.25
16-10-2022,A6218160102,90001021,33,241.72
17-10-2022,A6218160102,90002010,-471,3911.67
18-10-2022,A6218160102,90022083,199,1249.26
19-10-2022,A6218160102,90002009,427,2927.26
20-10-2022,A6218160102,90022074,645,3853.96
21-10-2022,A6218160102,90013117,-72,557.32
22-10-2022,A6218160102,90013118,-28,213.61
23-10-2022,A6218160102,90013119,61,473.73
24-10-2022,A6218160102,90013121,43,302.73
25-10-2022,A6218160102,90013122,65,509.65
26-10-2022,A6218160102,90013123,91,716.1
27-10-2022,A6218160102,90008165,161,1208.78
28-10-2022,A6218160102,90008166,-252,1871.37
29-10-2022,A6218160102,90008167,78,625.95
30-10-2022,A6218160102,90010045,48,278.01
31-10-2022,A6218160102,90023022,157,1222.95
01-11-2022,A6218160102,90023025,178,1210.2
02-11-2022,A6218160102,90023026,-189,1244.97
03-11-2022,A6218160102,90023027,194,1335.62
04-11-2022,A6218160102,90023029,104,685.6
05-11-2022,A6218160102,90011185,-106,783.54
06-11-2022,A6218160102,90011186,238,1841.59
07-11-2022,A6218160102,90011187,195,1439.18
08-11-2022,A6218160102,90011189,128,1027.16
09-11-2022,A6218160102,90011191,135,1056.54
10-11-2022,A6218160102,90003179,-173,1257.03
11-11-2022,A6218160102,90014135,7,48.02
12-11-2022,A6218160102,90014139,-21,133.55
13-11-2022,A6218160102,90005159,32,228.68
14-11-2022,A6218160102,90005161,43,320.45
15-11-2022,A6218160102,90006153,64,454.3
16-11-2022,A6218160102,90016171,-9,51.86
17-11-2022,A6218160102,90016173,-25,161.18
18-11-2022,A6218160102,90016174,28,180.93
19-11-2022,A6218160102,90016175,8,56.38
20-11-2022,A6218160102,90019201,3,23.65
21-11-2022,A6218160102,90019202,7,49.86
22-11-2022,A6218160102,90012033,59,404.72
23-11-2022,A6218160102,90012034,21,156.81
24-11-2022,A6218160102,90012035,-42,256.78
25-11-2022,A6218160102,90012037,58,363.93
26-11-2022,A6218160102,90012038,-133,861.22
27-11-2022,A6218160102,90012039,56,323.62
28-11-2022,A6218160102,90022071,81,473.71
29-11-2022,A6218160102,90022073,181,1293.35
30-11-2022,A6218160102,90022075,434,2715.58
01-12-2022,A6218160102,90022077,55,360.01
02-12-2022,A6218160102,90022078,96,559.07
03-12-2022,A6218160102,90022079,131,760.62
04-12-2022,A6218160102,90021086,-44,286.92
05-12-2022,A6218160102,90021087,75,488.7
06-12-2022,A6218160102,90021089,-107,779.6
07-12-2022,A6218160102,90021090,104,699.05
08-12-2022,A6218160102,90021091,118,830.16
09-12-2022,A6218160102,90021093,41,269.82
10-12-2022,A6218160102,90021094,100,551.89
11-12-2022,A6218160102,90017049,-28,206.73
12-12-2022,A6218160102,90017050,-24,166.59
13-12-2022,A6218160102,90017051,7,54.17
14-12-2022,A6218160102,90017053,38,257.28
15-12-2022,A6218160102,90017054,38,247.69
16-12-2022,A6218160102,90017055,27,178.06
17-12-2022,A6218160102,90017057,47,363.04
18-12-2022,A6218160102,90002001,624,4569.35
19-12-2022,A6218160102,90002002,398,3236.16
20-12-2022,A6218160102,90002003,341,2467.84
21-12-2022,A6218160102,90002005,-243,1790.31
22-12-2022,A6218160102,90002006,-323,2368.07
23-12-2022,A6218160102,90002007,753,5042.56
24-12-2022,A6218160102,90002011,554,3667.87
25-12-2022,A6218160102,90002013,876,6726.24
26-12-2022,A6218160102,90002014,396,2633.3
27-12-2022,A6218160102,90002015,-348,2526.38
28-12-2022,A6219160103,90001021,49,357.03
29-12-2022,A6219160103,90002010,494,3794.74
30-12-2022,A6219160103,90022083,159,1134.44
31-12-2022,A6219160103,90002009,659,4321.27
01-01-2023,A6219160103,90022074,275,1595.25
02-01-2023,A6219160103,90008165,77,558.27
03-01-2023,A6219160103,90008166,246,1764.94
04-01-2023,A6219160103,90008167,84,655.01
05-01-2023,A6219160103,90010045,55,263.95
06-01-2023,A6219160103,90023022,120,891.22
07-01-2023,A6219160103,90023025,67,477.54
08-01-2023,A6219160103,90023026,167,1072.42
09-01-2023,A6219160103,90023027,206,1295.84
10-01-2023,A6219160103,90023029,63,415.19
11-01-2023,A6219160103,90011185,224,1639.47
12-01-2023,A6219160103,90011186,172,1189.07
13-01-2023,A6219160103,90011187,-167,1152.16
14-01-2023,A6219160103,90011189,204,1574.5
15-01-2023,A6219160103,90011191,231,1769.76
16-01-2023,A6219160103,90003179,107,785
17-01-2023,A6219160103,90014135,23,148.2
18-01-2023,A6219160103,90014139,20,126.16
19-01-2023,A6219160103,90005159,-70,465.88
20-01-2023,A6219160103,90005161,-46,342.83
21-01-2023,A6219160103,90006153,96,625.33
22-01-2023,A6219160103,90016171,13,74.18
23-01-2023,A6219160103,90016173,-40,250.18
24-01-2023,A6219160103,90016174,33,199.74
25-01-2023,A6219160103,90016175,12,76.41
26-01-2023,A6219160103,90019201,7,52.71
27-01-2023,A6219160103,90019202,3,19.59
28-01-2023,A6219160103,90013117,17,132.47
29-01-2023,A6219160103,90013118,30,239.21
30-01-2023,A6219160103,90013119,50,391.68
31-01-2023,A6219160103,90013121,107,733.04
01-02-2023,A6219160103,90013122,87,703.56
02-02-2023,A6219160103,90013123,140,978.7
03-02-2023,A6219160103,90012033,71,520.21
04-02-2023,A6219160103,90012034,132,936.64
05-02-2023,A6219160103,90012035,125,777.73
06-02-2023,A6219160103,90012037,99,565.12
07-02-2023,A6219160103,90012038,59,407.37
08-02-2023,A6219160103,90012039,141,878.84
09-02-2023,A6219160103,90022071,-194,1099.22
10-02-2023,A6219160103,90022073,241,1566.03
11-02-2023,A6219160103,90022075,496,2757.1
12-02-2023,A6219160103,90022077,126,759.77
13-02-2023,A6219160103,90022078,92,521.98
14-02-2023,A6219160103,90022079,522,3271.91
15-02-2023,A6219160103,90021086,73,480.85
16-02-2023,A6219160103,90021087,54,325.13
17-02-2023,A6219160103,90021089,105,749.1
18-02-2023,A6219160103,90021090,21,143.37
19-02-2023,A6219160103,90021091,37,211.38
20-02-2023,A6219160103,90021093,46,303.76
21-02-2023,A6219160103,90021094,76,444.08
22-02-2023,A6219160103,90017049,44,315.77
23-02-2023,A6219160103,90017050,18,115.95
24-02-2023,A6219160103,90017051,41,287.72
25-02-2023,A6219160103,90017053,-13,90.04
26-02-2023,A6219160103,90017054,46,305.35
27-02-2023,A6219160103,90017055,28,188.27
28-02-2023,A6219160103,90017057,34,267.54
01-03-2023,A6219160103,90002001,270,2064.97
02-03-2023,A6219160103,90002002,735,5737.23
03-03-2023,A6219160103,90002003,487,3551.71
04-03-2023,A6219160103,90002005,814,5865.1
05-03-2023,A6219160103,90002006,295,1905.73
06-03-2023,A6219160103,90002007,-120,804.76
07-03-2023,A6219160103,90002011,-750,4846.15
08-03-2023,A6219160103,90002013,832,6370.9
09-03-2023,A6219160103,90002014,126,920.84
10-03-2023,A6219160103,90002015,-122,834.17
11-03-2023,A6319160203,90008165,-53,430.91
12-03-2023,A6319160203,90008166,258,2337.62
13-03-2023,A6319160203,90008167,280,2568.5
14-03-2023,A6319160203,90010045,10,77.98
15-03-2023,A6319160203,90023022,52,453.39
16-03-2023,A6319160203,90023025,177,1419.55
17-03-2023,A6319160203,90023026,139,1188.39
18-03-2023,A6319160203,90023027,-150,1156.23
19-03-2023,A6319160203,90023029,161,1366.43
20-03-2023,A6319160203,90011185,105,925.82
21-03-2023,A6319160203,90011186,140,1296.32
22-03-2023,A6319160203,90011187,-91,774.84
23-03-2023,A6319160203,90011189,161,1478.01
24-03-2023,A6319160203,90011191,163,1538.43
25-03-2023,A6319160203,90003179,302,2622.64
26-03-2023,A6319160203,90014135,4,29.69
27-03-2023,A6319160203,90014139,7,57.57
28-03-2023,A6319160203,90005159,-30,253.77
29-03-2023,A6319160203,90005161,-11,107.35
30-03-2023,A6319160203,90006153,225,1750.78
31-03-2023,A6319160203,90016171,28,198.58
01-04-2023,A6319160203,90016173,15,121.7
02-04-2023,A6319160203,90016174,25,184.53
03-04-2023,A6319160203,90016175,-12,100.54
04-04-2023,A6319160203,90019201,4,33.19
05-04-2023,A6319160203,90019202,5,43.15
06-04-2023,A6319160203,90013117,137,1320.41
07-04-2023,A6319160203,90013118,-25,245.7
08-04-2023,A6319160203,90013119,88,801.27
09-04-2023,A6319160203,90013121,19,153.76
10-04-2023,A6319160203,90013122,63,613.13
11-04-2023,A6319160203,90013123,110,1004.71
12-04-2023,A6319160203,90012033,143,1146.46
13-04-2023,A6319160203,90012034,101,920.01
14-04-2023,A6319160203,90012035,26,215.49
15-04-2023,A6319160203,90012037,112,777.98
16-04-2023,A6319160203,90012038,52,420.24
17-04-2023,A6319160203,90012039,-106,840.8
18-04-2023,A6319160203,90022071,302,2412.28
19-04-2023,A6319160203,90022073,473,4026.24
20-04-2023,A6319160203,90022075,531,3815.2
21-04-2023,A6319160203,90022077,-505,4006.56
22-04-2023,A6319160203,90022078,-172,1204.96
23-04-2023,A6319160203,90022079,535,4077.24
24-04-2023,A6319160203,90021086,39,339.51
25-04-2023,A6319160203,90021087,87,672.07
26-04-2023,A6319160203,90021089,-66,627.44
27-04-2023,A6319160203,90021090,61,530.22
28-04-2023,A6319160203,90021091,58,446.97
29-04-2023,A6319160203,90021093,-22,162.4
30-04-2023,A6319160203,90021094,71,534.47
01-05-2023,A6319160203,90017049,-23,203.55
02-05-2023,A6319160203,90017050,43,360.76
03-05-2023,A6319160203,90017051,8,67
04-05-2023,A6319160203,90017053,34,300.37
05-05-2023,A6319160203,90017054,26,233.62
06-05-2023,A6319160203,90017055,5,45.62
07-05-2023,A6319160203,90017057,42,373.29
08-05-2023,A6319160203,90002001,113,1033.48
09-05-2023,A6319160203,90002002,151,1473.39
10-05-2023,A6319160203,90002003,221,1849.95
11-05-2023,A6319160203,90002005,591,5437.33
12-05-2023,A6319160203,90002006,109,921.75
13-05-2023,A6319160203,90002007,405,3344.16
14-05-2023,A6319160203,90002011,-153,1194.26
15-05-2023,A6319160203,90002013,410,3455.72
16-05-2023,A6319160203,90002014,219,1904.77
17-05-2023,A6319160203,90002015,98,897.65
18-05-2023,A6319160203,90001021,118,1177.05
19-05-2023,A6319160203,90002010,277,2915.79
20-05-2023,A6319160203,90022083,325,2685.37
21-05-2023,A6319160203,90002009,465,3659.33
22-05-2023,A6319160203,90022074,318,2447.05
23-05-2023,A6319160201,90002009,704,5153.88
24-05-2023,A6319160201,90022074,422,2603.12
25-05-2023,A6319160201,90002010,726,6438.05
26-05-2023,A6319160201,90022083,464,3329.87
27-05-2023,A6319160201,90001021,103,872.12
28-05-2023,A6319160201,90008165,43,318.67
29-05-2023,A6319160201,90008166,294,2330.09
30-05-2023,A6319160201,90008167,165,1416.17
31-05-2023,A6319160201,90010045,71,368.23
01-06-2023,A6319160201,90023022,226,1749.74
02-06-2023,A6319160201,90023025,43,293.52
03-06-2023,A6319160201,90023026,-91,683.29
04-06-2023,A6319160201,90023027,-37,262.2
05-06-2023,A6319160201,90023029,128,964.83
06-06-2023,A6319160201,90011185,-108,893.01
07-06-2023,A6319160201,90011186,215,1649.88
08-06-2023,A6319160201,90011187,219,1571.3
09-06-2023,A6319160201,90011189,213,1708.52
10-06-2023,A6319160201,90011191,-91,739.5
11-06-2023,A6319160201,90003179,111,860.55
12-06-2023,A6319160201,90014135,4,29.32
13-06-2023,A6319160201,90014139,-19,130.5
14-06-2023,A6319160201,90005159,78,617.13
15-06-2023,A6319160201,90005161,-50,422.69
16-06-2023,A6319160201,90006153,52,362.41
17-06-2023,A6319160201,90016171,28,184.68
18-06-2023,A6319160201,90016173,13,97.99
19-06-2023,A6319160201,90016174,13,86.38
20-06-2023,A6319160201,90016175,5,40.48
21-06-2023,A6319160201,90019201,5,38.66
22-06-2023,A6319160201,90013117,-38,333.37
23-06-2023,A6319160201,90013118,-24,208.26
24-06-2023,A6319160201,90013119,136,1101.35
25-06-2023,A6319160201,90013121,35,259.9
26-06-2023,A6319160201,90013122,-139,1149.72
27-06-2023,A6319160201,90013123,84,641.79
28-06-2023,A6319160201,90012033,78,574.19
29-06-2023,A6319160201,90012034,-139,1036.23
30-06-2023,A6319160201,90012035,137,980.85
01-07-2023,A6319160201,90012037,134,884.02
02-07-2023,A6319160201,90012038,53,371.41
03-07-2023,A6319160201,90012039,-31,197.14
04-07-2023,A6319160201,90022071,413,2625.53
05-07-2023,A6319160201,90022073,528,3502.42
06-07-2023,A6319160201,90022075,-491,3585.51
07-07-2023,A6319160201,90022077,407,2691.36
08-07-2023,A6319160201,90022078,100,650.55
09-07-2023,A6319160201,90022079,339,2169.48
10-07-2023,A6319160201,90021086,36,284.47
11-07-2023,A6319160201,90021087,-80,525.35
12-07-2023,A6319160201,90021089,25,189.83
13-07-2023,A6319160201,90021090,117,762.73
14-07-2023,A6319160201,90021091,51,334.94
15-07-2023,A6319160201,90021093,115,851.16
16-07-2023,A6319160201,90021094,-106,645.59
17-07-2023,A6319160201,90017049,40,317.25
18-07-2023,A6319160201,90017050,16,111.35
19-07-2023,A6319160201,90017051,14,103.83
20-07-2023,A6319160201,90017053,14,99.23
21-07-2023,A6319160201,90017054,33,239.44
22-07-2023,A6319160201,90017055,22,165.69
23-07-2023,A6319160201,90017057,-31,238.63
24-07-2023,A6319160201,90002001,-514,4109.77
25-07-2023,A6319160201,90002002,336,2685.37
26-07-2023,A6319160201,90002003,520,3838.06
27-07-2023,A6319160201,90002005,378,3044.33
28-07-2023,A6319160201,90002006,731,5266.31
29-07-2023,A6319160201,90002007,668,4929.02
30-07-2023,A6319160201,90002011,454,3159.42
31-07-2023,A6319160201,90002013,270,2214.01
01-08-2023,A6319160201,90002014,-691,4939.99
02-08-2023,A6319160201,90002015,-868,7062.57
03-08-2023,A6319160202,90001021,62,577.3
04-08-2023,A6319160202,90002010,669,6538.94
05-08-2023,A6319160202,90022083,191,1616.03
06-08-2023,A6319160202,90002009,794,6144.77
07-08-2023,A6319160202,90022074,555,4040.3
08-08-2023,A6319160202,90008165,199,1636.09
09-08-2023,A6319160202,90008166,55,510.56
10-08-2023,A6319160202,90008167,-133,1315.84
11-08-2023,A6319160202,90010045,-12,82.19
12-08-2023,A6319160202,90023022,51,487.79
13-08-2023,A6319160202,90023025,-99,866.48
14-08-2023,A6319160202,90023026,176,1550.31
15-08-2023,A6319160202,90023027,-77,610.83
16-08-2023,A6319160202,90023029,32,276.81
17-08-2023,A6319160202,90011185,72,629.4
18-08-2023,A6319160202,90011186,178,1543.14
19-08-2023,A6319160202,90011187,110,975.79
20-08-2023,A6319160202,90011189,189,1832.14
21-08-2023,A6319160202,90011191,115,1082.22
22-08-2023,A6319160202,90003179,121,1021.6
23-08-2023,A6319160202,90014135,19,152.65
24-08-2023,A6319160202,90014139,13,108.45
25-08-2023,A6319160202,90005159,78,695.39
26-08-2023,A6319160202,90005161,64,585.2
27-08-2023,A6319160202,90006153,95,827.76
28-08-2023,A6319160202,90016171,27,180.39
29-08-2023,A6319160202,90016173,17,124.11
30-08-2023,A6319160202,90016174,-36,247.89
31-08-2023,A6319160202,90016175,29,231.09
01-09-2023,A6319160202,90019201,2,18
02-09-2023,A6319160202,90019202,-2,16.78
03-09-2023,A6319160202,90013117,23,226.35
04-09-2023,A6319160202,90013118,89,886.77
05-09-2023,A6319160202,90013119,94,831.91
06-09-2023,A6319160202,90013121,79,655.05
07-09-2023,A6319160202,90013122,82,783.83
08-09-2023,A6319160202,90013123,136,1273.25
09-09-2023,A6319160202,90012033,86,783.15
10-09-2023,A6319160202,90012034,131,1021.83
11-09-2023,A6319160202,90012035,110,879.64
12-09-2023,A6319160202,90012037,-55,430.49
13-09-2023,A6319160202,90012038,131,984.92
14-09-2023,A6319160202,90012039,78,609.84
15-09-2023,A6319160202,90022071,151,1103.14
16-09-2023,A6319160202,90022073,-503,4010.03
17-09-2023,A6319160202,90022075,-138,1092.19
18-09-2023,A6319160202,90022077,173,1162.86
19-09-2023,A6319160202,90022078,226,1608.58
20-09-2023,A6319160202,90022079,113,900.91
21-09-2023,A6319160202,90021086,61,512.06
22-09-2023,A6319160202,90021087,-73,500.32
23-09-2023,A6319160202,90021089,96,796.86
24-09-2023,A6319160202,90021090,-75,567.18
25-09-2023,A6319160202,90021091,38,293.32
26-09-2023,A6319160202,90021093,115,860.46
27-09-2023,A6319160202,90021094,-99,686.94
28-09-2023,A6319160202,90017049,37,331.24
29-09-2023,A6319160202,90017050,-5,41.32
30-09-2023,A6319160202,90017051,15,130.33
01-10-2023,A6319160202,90017053,37,301.94
02-10-2023,A6319160202,90017054,44,359.81
03-10-2023,A6319160202,90017055,23,200.06
04-10-2023,A6319160202,90017057,8,72.99
05-10-2023,A6319160202,90002001,-498,4300.99
06-10-2023,A6319160202,90002002,903,8835.12
07-10-2023,A6319160202,90002003,666,5670.39
08-10-2023,A6319160202,90002005,161,1445
09-10-2023,A6319160202,90002006,348,3052.91
10-10-2023,A6319160202,90002007,328,2811.03
11-10-2023,A6319160202,90002011,491,4144.82
12-10-2023,A6319160202,90002013,768,6542.06
13-10-2023,A6319160202,90002014,213,1907.56
14-10-2023,A6319160202,90002015,792,7354.14
15-10-2023,A5318110101,90002009,-4,907.87
16-10-2023,A5419110201,90002009,-4,913.15
17-10-2023,A5419110208,90002009,4,896.6
18-10-2023,A5520110307,90002009,4,990.25
19-10-2023,A5620110401,90002009,4,1096.18
20-10-2023,A5620110402,90002009,-4,961.65
21-10-2023,A5621110405,90002009,-4,1094.52
22-10-2023,A5519110301,90022074,3,647.83
23-10-2023,A5519110301,90002009,3,759.23
24-10-2023,A5519110301,90002010,3,812.51
25-10-2023,A5519110302,90002010,3,975.45
26-10-2023,A5519110303,90002009,3,864.22
27-10-2023,A5519110304,90002010,3,873.01
28-10-2023,A5520110305,90002009,3,907.19
29-10-2023,A5520110308,90002009,3,740.7
30-10-2023,A5519110301,90002003,3,758.26
31-10-2023,A5519110301,90002006,-3,740.53
01-11-2023,A5519110301,90002015,3,810.07
02-11-2023,A5519110302,90002002,3,895.88
03-11-2023,A5519110302,90002003,3,792.64
04-11-2023,A5519110302,90002006,3,820.62
05-11-2023,A5519110302,90002007,3,836.71
06-11-2023,A5519110302,90002014,-3,854.45
07-11-2023,A5519110303,90002001,3,908.04
08-11-2023,A5519110303,90002002,3,951.04
09-11-2023,A5519110303,90002005,-3,888.46
10-11-2023,A5519110303,90002006,-3,831.42
11-11-2023,A5519110303,90002013,-3,876.07
12-11-2023,A5519110303,90002014,3,855.62
13-11-2023,A5519110304,90002003,3,823.55
14-11-2023,A5519110304,90002007,3,822.79
15-11-2023,A5519110304,90002015,3,873.01
16-11-2023,A5520110305,90002003,-3,911.92
17-11-2023,A5520110305,90002005,3,965.48
18-11-2023,A5520110305,90002006,3,964.98
19-11-2023,A5520110305,90002007,3,925.1
20-11-2023,A5520110305,90002011,3,955.2
21-11-2023,A5520110305,90002013,-3,975.71
22-11-2023,A5520110305,90002014,3,918.33
23-11-2023,A5520110305,90002015,3,997.11
24-11-2023,A5520110307,90002006,-3,736.65
25-11-2023,A5520110307,90002014,3,752.69
26-11-2023,A5520110307,90002015,3,789.78
27-11-2023,A5520110308,90002002,3,877.22
28-11-2023,A5520110308,90002006,3,747.73
29-11-2023,A5520110308,90002007,3,681
30-11-2023,A5520110308,90002011,3,703.91
01-12-2023,A5520110308,90002014,3,779.53
02-12-2023,A5520110308,90002015,3,827.22
03-12-2023,A5620110401,90002001,3,909.8
04-12-2023,A5620110401,90002003,3,843.65
05-12-2023,A5620110401,90002006,3,889.12
06-12-2023,A5620110401,90002007,3,817.91
07-12-2023,A5620110401,90002013,3,896.83
08-12-2023,A5621110403,90002006,3,837.63
09-12-2023,A5621110403,90002011,-3,804.32
10-12-2023,A5621110403,90002014,3,843.46
11-12-2023,A5621110404,90002007,3,732.3
12-12-2023,A5621110404,90002014,3,694.53
13-12-2023,A5621110405,90002001,-3,880.8
14-12-2023,A5621110405,90002003,3,823.97
15-12-2023,A5621110405,90002011,3,779.68
16-12-2023,A5318110101,90002001,3,801.16
17-12-2023,A5318110101,90002006,-3,709.82
18-12-2023,A5318110101,90002014,3,759.31
19-12-2023,A5318110101,90002015,3,719.36
20-12-2023,A5318110102,90002002,3,819.23
21-12-2023,A5318110102,90002003,-3,724.37
22-12-2023,A5318110102,90002005,3,770.42
23-12-2023,A5318110102,90002006,-3,731.14
24-12-2023,A5318110102,90002009,3,747.19
25-12-2023,A5318110103,90002007,-3,670.46
26-12-2023,A5318110103,90002014,3,686.64
27-12-2023,A5318110104,90002005,3,730.49
28-12-2023,A5318110104,90002007,-3,756.41
29-12-2023,A5318110104,90002011,-3,736.93
30-12-2023,A5318110105,90002001,-3,816.02
31-12-2023,A5318110105,90002013,3,828.39
01-01-2024,A5318110105,90002010,3,855.95
02-01-2024,A5318110107,90002002,-3,780.72
03-01-2024,A5318110107,90002003,3,701.96
04-01-2024,A5318110107,90002006,3,758.79
05-01-2024,A5318110107,90002011,3,714.72
06-01-2024,A5318110107,90002013,-3,709.08
07-01-2024,A5318110107,90002015,3,714.82
08-01-2024,A5318110108,90002001,3,752.63
09-01-2024,A5318110108,90002006,-3,723.61
10-01-2024,A5318110108,90002007,3,679.31
11-01-2024,A5318110108,90002011,3,640.77
12-01-2024,A5318110108,90002013,3,766.09
13-01-2024,A5318110108,90002014,-3,656.69
14-01-2024,A5419110201,90002003,3,666.41
15-01-2024,A5419110201,90002005,3,717.79
16-01-2024,A5419110201,90002010,3,755.54
17-01-2024,A5419110202,90002003,3,682.21
18-01-2024,A5419110202,90002006,3,785.31
19-01-2024,A5419110202,90002013,3,737.24
20-01-2024,A5419110202,90002010,3,836.06
21-01-2024,A5419110203,90002001,3,796.8
22-01-2024,A5419110203,90002006,3,713.99
23-01-2024,A5419110203,90002013,3,724.47
24-01-2024,A5419110203,90002015,3,701.46
25-01-2024,A5419110204,90002011,-3,698.26
26-01-2024,A5419110204,90002013,3,803.37
27-01-2024,A5419110204,90002015,3,768.81
28-01-2024,A5419110204,90002009,-3,719.37
29-01-2024,A5419110204,90002010,3,848.61
30-01-2024,A5419110205,90002001,3,780.93
31-01-2024,A5419110205,90002002,3,837.62
01-02-2024,A5419110207,90002005,3,761.02
02-02-2024,A5419110207,90002007,3,716.02
03-02-2024,A5419110207,90002011,3,740.13
04-02-2024,A5419110207,90002013,3,798.27
05-02-2024,A5419110207,90002014,3,799.86
06-02-2024,A5419110207,90002009,3,711.81
07-02-2024,A5419110207,90002010,3,898.25
08-02-2024,A5419110208,90002011,3,685.79
09-02-2024,A5419110208,90002014,3,734.89
10-02-2024,A4218110205,90003179,6,572.43
11-02-2024,A4319110302,90003179,6,596.44
12-02-2024,A4419110401,90022071,6,570.33
13-02-2024,A4419110402,90022079,6,649.17
14-02-2024,A4419110402,90022083,6,672.92
15-02-2024,A4319110302,90022073,-6,549.2
16-02-2024,A4319110304,90022071,-6,522.07
17-02-2024,A4319110304,90022079,6,624.68
18-02-2024,A4319110305,90022077,6,631.36
19-02-2024,A4319110306,90022071,6,546.05
20-02-2024,A4319110306,90022075,6,599.64
